"LOCATION","INDICATOR","SUBJECT","MEASURE","FREQUENCY","TIME","Value","Flag Codes"
"CAN","LTINT","TOT","PC_PA","M","2007-01",4.121818,
"CAN","LTINT","TOT","PC_PA","M","2007-02",4.1175,
"CAN","LTINT","TOT","PC_PA","M","2007-03",4.045909,
"CAN","LTINT","TOT","PC_PA","M","2007-04",4.1715,
"CAN","LTINT","TOT","PC_PA","M","2007-05",4.292727,
"CAN","LTINT","TOT","PC_PA","M","2007-06",4.612857,
"CAN","LTINT","TOT","PC_PA","M","2007-07",4.59,
"CAN","LTINT","TOT","PC_PA","M","2007-08",4.428637,
"CAN","LTINT","TOT","PC_PA","M","2007-09",4.356316,
"CAN","LTINT","TOT","PC_PA","M","2007-10",4.362727,
"CAN","LTINT","TOT","PC_PA","M","2007-11",4.121428,
"CAN","LTINT","TOT","PC_PA","M","2007-12",4.01579,
"CAN","LTINT","TOT","PC_PA","M","2008-01",3.848182,
"CAN","LTINT","TOT","PC_PA","M","2008-02",3.828,
"CAN","LTINT","TOT","PC_PA","M","2008-03",3.509,
"CAN","LTINT","TOT","PC_PA","M","2008-04",3.628636,
"CAN","LTINT","TOT","PC_PA","M","2008-05",3.621428,
"CAN","LTINT","TOT","PC_PA","M","2008-06",3.76,
"CAN","LTINT","TOT","PC_PA","M","2008-07",3.750455,
"CAN","LTINT","TOT","PC_PA","M","2008-08",3.5915,
"CAN","LTINT","TOT","PC_PA","M","2008-09",3.540952,
"CAN","LTINT","TOT","PC_PA","M","2008-10",3.668182,
"CAN","LTINT","TOT","PC_PA","M","2008-11",3.571579,
"CAN","LTINT","TOT","PC_PA","M","2008-12",2.945714,
"CAN","LTINT","TOT","PC_PA","M","2009-01",2.812381,
"CAN","LTINT","TOT","PC_PA","M","2009-02",2.960526,
"CAN","LTINT","TOT","PC_PA","M","2009-03",2.885909,
"CAN","LTINT","TOT","PC_PA","M","2009-04",2.954286,
"CAN","LTINT","TOT","PC_PA","M","2009-05",3.202,
"CAN","LTINT","TOT","PC_PA","M","2009-06",3.459091,
"CAN","LTINT","TOT","PC_PA","M","2009-07",3.429091,
"CAN","LTINT","TOT","PC_PA","M","2009-08",3.4645,
"CAN","LTINT","TOT","PC_PA","M","2009-09",3.365714,
"CAN","LTINT","TOT","PC_PA","M","2009-10",3.425238,
"CAN","LTINT","TOT","PC_PA","M","2009-11",3.3925,
"CAN","LTINT","TOT","PC_PA","M","2009-12",3.41619,
"CAN","LTINT","TOT","PC_PA","M","2010-01",3.485,
"CAN","LTINT","TOT","PC_PA","M","2010-02",3.423684,
"CAN","LTINT","TOT","PC_PA","M","2010-03",3.490435,
"CAN","LTINT","TOT","PC_PA","M","2010-04",3.67,
"CAN","LTINT","TOT","PC_PA","M","2010-05",3.4455,
"CAN","LTINT","TOT","PC_PA","M","2010-06",3.297727,
"CAN","LTINT","TOT","PC_PA","M","2010-07",3.185238,
"CAN","LTINT","TOT","PC_PA","M","2010-08",2.949524,
"CAN","LTINT","TOT","PC_PA","M","2010-09",2.881428,
"CAN","LTINT","TOT","PC_PA","M","2010-10",2.766,
"CAN","LTINT","TOT","PC_PA","M","2010-11",3.022381,
"CAN","LTINT","TOT","PC_PA","M","2010-12",3.204762,
"CAN","LTINT","TOT","PC_PA","M","2011-01",3.253,
"CAN","LTINT","TOT","PC_PA","M","2011-02",3.417368,
"CAN","LTINT","TOT","PC_PA","M","2011-03",3.266522,
"CAN","LTINT","TOT","PC_PA","M","2011-04",3.328,
"CAN","LTINT","TOT","PC_PA","M","2011-05",3.151905,
"CAN","LTINT","TOT","PC_PA","M","2011-06",2.987727,
"CAN","LTINT","TOT","PC_PA","M","2011-07",2.9385,
"CAN","LTINT","TOT","PC_PA","M","2011-08",2.446364,
"CAN","LTINT","TOT","PC_PA","M","2011-09",2.196667,
"CAN","LTINT","TOT","PC_PA","M","2011-10",2.296,
"CAN","LTINT","TOT","PC_PA","M","2011-11",2.122381,
"CAN","LTINT","TOT","PC_PA","M","2011-12",1.992,
"CAN","LTINT","TOT","PC_PA","M","2012-01",1.98,
"CAN","LTINT","TOT","PC_PA","M","2012-02",2.021,
"CAN","LTINT","TOT","PC_PA","M","2012-03",2.106818,
"CAN","LTINT","TOT","PC_PA","M","2012-04",2.0645,
"CAN","LTINT","TOT","PC_PA","M","2012-05",1.922273,
"CAN","LTINT","TOT","PC_PA","M","2012-06",1.747619,
"CAN","LTINT","TOT","PC_PA","M","2012-07",1.656191,
"CAN","LTINT","TOT","PC_PA","M","2012-08",1.826818,
"CAN","LTINT","TOT","PC_PA","M","2012-09",1.837895,
"CAN","LTINT","TOT","PC_PA","M","2012-10",1.811818,
"CAN","LTINT","TOT","PC_PA","M","2012-11",1.738095,
"CAN","LTINT","TOT","PC_PA","M","2012-12",1.767895,
"CAN","LTINT","TOT","PC_PA","M","2013-01",1.931364,
"CAN","LTINT","TOT","PC_PA","M","2013-02",1.967895,
"CAN","LTINT","TOT","PC_PA","M","2013-03",1.8515,
"CAN","LTINT","TOT","PC_PA","M","2013-04",1.748636,
"CAN","LTINT","TOT","PC_PA","M","2013-05",1.901818,
"CAN","LTINT","TOT","PC_PA","M","2013-06",2.2445,
"CAN","LTINT","TOT","PC_PA","M","2013-07",2.438182,
"CAN","LTINT","TOT","PC_PA","M","2013-08",2.611428,
"CAN","LTINT","TOT","PC_PA","M","2013-09",2.698,
"CAN","LTINT","TOT","PC_PA","M","2013-10",2.518182,
"CAN","LTINT","TOT","PC_PA","M","2013-11",2.5585,
"CAN","LTINT","TOT","PC_PA","M","2013-12",2.6735,
"CAN","LTINT","TOT","PC_PA","M","2014-01",2.534091,
"CAN","LTINT","TOT","PC_PA","M","2014-02",2.42,
"CAN","LTINT","TOT","PC_PA","M","2014-03",2.454286,
"CAN","LTINT","TOT","PC_PA","M","2014-04",2.444762,
"CAN","LTINT","TOT","PC_PA","M","2014-05",2.315238,
"CAN","LTINT","TOT","PC_PA","M","2014-06",2.298571,
"CAN","LTINT","TOT","PC_PA","M","2014-07",2.194546,
"CAN","LTINT","TOT","PC_PA","M","2014-08",2.062,
"CAN","LTINT","TOT","PC_PA","M","2014-09",2.180952,
"CAN","LTINT","TOT","PC_PA","M","2014-10",2.010455,
"CAN","LTINT","TOT","PC_PA","M","2014-11",2.003158,
"CAN","LTINT","TOT","PC_PA","M","2014-12",1.851905,
"CAN","LTINT","TOT","PC_PA","M","2015-01",1.525714,
"CAN","LTINT","TOT","PC_PA","M","2015-02",1.379474,
"CAN","LTINT","TOT","PC_PA","M","2015-03",1.421364,
"CAN","LTINT","TOT","PC_PA","M","2015-04",1.410952,
"CAN","LTINT","TOT","PC_PA","M","2015-05",1.744,
"CAN","LTINT","TOT","PC_PA","M","2015-06",1.78,
"CAN","LTINT","TOT","PC_PA","M","2015-07",1.569546,
"CAN","LTINT","TOT","PC_PA","M","2015-08",1.3915,
"CAN","LTINT","TOT","PC_PA","M","2015-09",1.481429,
"CAN","LTINT","TOT","PC_PA","M","2015-10",1.463333,
"CAN","LTINT","TOT","PC_PA","M","2015-11",1.6335,
"CAN","LTINT","TOT","PC_PA","M","2015-12",1.459524,
"CAN","LTINT","TOT","PC_PA","M","2016-01",1.258,
"CAN","LTINT","TOT","PC_PA","M","2016-02",1.1245,
"CAN","LTINT","TOT","PC_PA","M","2016-03",1.268182,
"CAN","LTINT","TOT","PC_PA","M","2016-04",1.33619,
"CAN","LTINT","TOT","PC_PA","M","2016-05",1.35,
"CAN","LTINT","TOT","PC_PA","M","2016-06",1.168182,
"CAN","LTINT","TOT","PC_PA","M","2016-07",1.051,
"CAN","LTINT","TOT","PC_PA","M","2016-08",1.042727,
"CAN","LTINT","TOT","PC_PA","M","2016-09",1.08619,
"CAN","LTINT","TOT","PC_PA","M","2016-10",1.1665,
"CAN","LTINT","TOT","PC_PA","M","2016-11",1.437619,
"CAN","LTINT","TOT","PC_PA","M","2016-12",1.732,
"CAN","LTINT","TOT","PC_PA","M","2017-01",1.722381,
"CAN","LTINT","TOT","PC_PA","M","2017-02",1.702105,
"CAN","LTINT","TOT","PC_PA","M","2017-03",1.714348,
"CAN","LTINT","TOT","PC_PA","M","2017-04",1.523158,
"CAN","LTINT","TOT","PC_PA","M","2017-05",1.513182,
"CAN","LTINT","TOT","PC_PA","M","2017-06",1.502727,
"CAN","LTINT","TOT","PC_PA","M","2017-07",1.908,
"CAN","LTINT","TOT","PC_PA","M","2017-08",1.883636,
"CAN","LTINT","TOT","PC_PA","M","2017-09",2.0495,
"CAN","LTINT","TOT","PC_PA","M","2017-10",2.050952,
"CAN","LTINT","TOT","PC_PA","M","2017-11",1.918571,
"CAN","LTINT","TOT","PC_PA","M","2017-12",1.915263,
"CAN","LTINT","TOT","PC_PA","M","2018-01",2.198182,
"CAN","LTINT","TOT","PC_PA","M","2018-02",2.324211,
"CAN","LTINT","TOT","PC_PA","M","2018-03",2.188571,
"CAN","LTINT","TOT","PC_PA","M","2018-04",2.249048,
"CAN","LTINT","TOT","PC_PA","M","2018-05",2.375455,
"CAN","LTINT","TOT","PC_PA","M","2018-06",2.209048,
"CAN","LTINT","TOT","PC_PA","M","2018-07",2.187143,
"CAN","LTINT","TOT","PC_PA","M","2018-08",2.295455,
"CAN","LTINT","TOT","PC_PA","M","2018-09",2.353684,
"CAN","LTINT","TOT","PC_PA","M","2018-10",2.488636,
"CAN","LTINT","TOT","PC_PA","M","2018-11",2.407619,
"CAN","LTINT","TOT","PC_PA","M","2018-12",2.057895,
"CAN","LTINT","TOT","PC_PA","M","2019-01",1.953636,
"CAN","LTINT","TOT","PC_PA","M","2019-02",1.907368,
"CAN","LTINT","TOT","PC_PA","M","2019-03",1.712381,
"CAN","LTINT","TOT","PC_PA","M","2019-04",1.724286,
"CAN","LTINT","TOT","PC_PA","M","2019-05",1.664545,
"CAN","LTINT","TOT","PC_PA","M","2019-06",1.4625,
"CAN","LTINT","TOT","PC_PA","M","2019-07",1.519091,
"CAN","LTINT","TOT","PC_PA","M","2019-08",1.205238,
"CAN","LTINT","TOT","PC_PA","M","2019-09",1.364,
"CAN","LTINT","TOT","PC_PA","M","2019-10",1.449546,
"CAN","LTINT","TOT","PC_PA","M","2019-11",1.4995,
"CAN","LTINT","TOT","PC_PA","M","2019-12",1.6045,
"CAN","LTINT","TOT","PC_PA","M","2020-01",1.492273,
"CAN","LTINT","TOT","PC_PA","M","2020-02",1.294737,
"CAN","LTINT","TOT","PC_PA","M","2020-03",0.8190909,
"CAN","LTINT","TOT","PC_PA","M","2020-04",0.6571429,
"CAN","LTINT","TOT","PC_PA","M","2020-05",0.551,
"CAN","LTINT","TOT","PC_PA","M","2020-06",0.5613636,
"CAN","LTINT","TOT","PC_PA","M","2020-07",0.5163636,
"CAN","LTINT","TOT","PC_PA","M","2020-08",0.5635,
"CAN","LTINT","TOT","PC_PA","M","2020-09",0.5595238,
"CAN","LTINT","TOT","PC_PA","M","2020-10",0.6028572,
"CAN","LTINT","TOT","PC_PA","M","2020-11",0.6885,
"CAN","LTINT","TOT","PC_PA","M","2020-12",0.7309524,
"CAN","LTINT","TOT","PC_PA","M","2021-01",0.8055,
"CAN","LTINT","TOT","PC_PA","M","2021-02",1.099474,
"CAN","LTINT","TOT","PC_PA","M","2021-03",1.496522,
"CAN","LTINT","TOT","PC_PA","M","2021-04",1.516191,
"CAN","LTINT","TOT","PC_PA","M","2021-05",1.524,
"CAN","LTINT","TOT","PC_PA","M","2021-06",1.425,
"CAN","LTINT","TOT","PC_PA","M","2021-07",1.251429,
"CAN","LTINT","TOT","PC_PA","M","2021-08",1.191905,
"CAN","LTINT","TOT","PC_PA","M","2021-09",1.263,
"CAN","LTINT","TOT","PC_PA","M","2021-10",1.597,
"CAN","LTINT","TOT","PC_PA","M","2021-11",1.685714,
"CAN","LTINT","TOT","PC_PA","M","2021-12",1.45,
"CAN","LTINT","TOT","PC_PA","M","2022-01",1.759,
"CAN","LTINT","TOT","PC_PA","M","2022-02",1.879474,
"CAN","LTINT","TOT","PC_PA","M","2022-03",2.132174,
"CAN","LTINT","TOT","PC_PA","M","2022-04",2.704,
"CAN","LTINT","TOT","PC_PA","M","2022-05",2.918571,
"CAN","LTINT","TOT","PC_PA","M","2022-06",3.315454,
"CAN","LTINT","TOT","PC_PA","M","2022-07",3.0215,
"CAN","LTINT","TOT","PC_PA","M","2022-08",2.859091,
"CAN","LTINT","TOT","PC_PA","M","2022-09",3.1455,
"CAN","LTINT","TOT","PC_PA","M","2022-10",3.3805,
"CAN","LTINT","TOT","PC_PA","M","2022-11",3.16619,
"CAN","LTINT","TOT","PC_PA","M","2022-12",2.9415,
"CAN","LTINT","TOT","PC_PA","M","2023-01",2.937619,
"CAN","LTINT","TOT","PC_PA","M","2023-02",3.174211,
"CAN","LTINT","TOT","PC_PA","M","2023-03",2.997727,
"ITA","LTINT","TOT","PC_PA","M","2007-01",4.2628,
"ITA","LTINT","TOT","PC_PA","M","2007-02",4.28009,
"ITA","LTINT","TOT","PC_PA","M","2007-03",4.17622,
"ITA","LTINT","TOT","PC_PA","M","2007-04",4.37021,
"ITA","LTINT","TOT","PC_PA","M","2007-05",4.48971,
"ITA","LTINT","TOT","PC_PA","M","2007-06",4.77197,
"ITA","LTINT","TOT","PC_PA","M","2007-07",4.76033,
"ITA","LTINT","TOT","PC_PA","M","2007-08",4.58355,
"ITA","LTINT","TOT","PC_PA","M","2007-09",4.57357,
"ITA","LTINT","TOT","PC_PA","M","2007-10",4.59088,
"ITA","LTINT","TOT","PC_PA","M","2007-11",4.44929,
"ITA","LTINT","TOT","PC_PA","M","2007-12",4.53849,
"ITA","LTINT","TOT","PC_PA","M","2008-01",4.39891,
"ITA","LTINT","TOT","PC_PA","M","2008-02",4.35443,
"ITA","LTINT","TOT","PC_PA","M","2008-03",4.37747,
"ITA","LTINT","TOT","PC_PA","M","2008-04",4.53189,
"ITA","LTINT","TOT","PC_PA","M","2008-05",4.70282,
"ITA","LTINT","TOT","PC_PA","M","2008-06",5.10565,
"ITA","LTINT","TOT","PC_PA","M","2008-07",5.09463,
"ITA","LTINT","TOT","PC_PA","M","2008-08",4.81387,
"ITA","LTINT","TOT","PC_PA","M","2008-09",4.8041,
"ITA","LTINT","TOT","PC_PA","M","2008-10",4.78,
"ITA","LTINT","TOT","PC_PA","M","2008-11",4.74252,
"ITA","LTINT","TOT","PC_PA","M","2008-12",4.46882,
"ITA","LTINT","TOT","PC_PA","M","2009-01",4.62129,
"ITA","LTINT","TOT","PC_PA","M","2009-02",4.53581,
"ITA","LTINT","TOT","PC_PA","M","2009-03",4.45835,
"ITA","LTINT","TOT","PC_PA","M","2009-04",4.35597,
"ITA","LTINT","TOT","PC_PA","M","2009-05",4.41509,
"ITA","LTINT","TOT","PC_PA","M","2009-06",4.60624,
"ITA","LTINT","TOT","PC_PA","M","2009-07",4.37291,
"ITA","LTINT","TOT","PC_PA","M","2009-08",4.11556,
"ITA","LTINT","TOT","PC_PA","M","2009-09",4.08809,
"ITA","LTINT","TOT","PC_PA","M","2009-10",4.10144,
"ITA","LTINT","TOT","PC_PA","M","2009-11",4.05652,
"ITA","LTINT","TOT","PC_PA","M","2009-12",4.00728,
"ITA","LTINT","TOT","PC_PA","M","2010-01",4.07788,
"ITA","LTINT","TOT","PC_PA","M","2010-02",4.04712,
"ITA","LTINT","TOT","PC_PA","M","2010-03",3.94527,
"ITA","LTINT","TOT","PC_PA","M","2010-04",3.99558,
"ITA","LTINT","TOT","PC_PA","M","2010-05",3.98492,
"ITA","LTINT","TOT","PC_PA","M","2010-06",4.1022,
"ITA","LTINT","TOT","PC_PA","M","2010-07",4.02583,
"ITA","LTINT","TOT","PC_PA","M","2010-08",3.80208,
"ITA","LTINT","TOT","PC_PA","M","2010-09",3.86227,
"ITA","LTINT","TOT","PC_PA","M","2010-10",3.80021,
"ITA","LTINT","TOT","PC_PA","M","2010-11",4.18408,
"ITA","LTINT","TOT","PC_PA","M","2010-12",4.603,
"ITA","LTINT","TOT","PC_PA","M","2011-01",4.72908,
"ITA","LTINT","TOT","PC_PA","M","2011-02",4.73561,
"ITA","LTINT","TOT","PC_PA","M","2011-03",4.87539,
"ITA","LTINT","TOT","PC_PA","M","2011-04",4.84077,
"ITA","LTINT","TOT","PC_PA","M","2011-05",4.75615,
"ITA","LTINT","TOT","PC_PA","M","2011-06",4.81559,
"ITA","LTINT","TOT","PC_PA","M","2011-07",5.46328,
"ITA","LTINT","TOT","PC_PA","M","2011-08",5.27054,
"ITA","LTINT","TOT","PC_PA","M","2011-09",5.7457,
"ITA","LTINT","TOT","PC_PA","M","2011-10",5.9719,
"ITA","LTINT","TOT","PC_PA","M","2011-11",7.05709,
"ITA","LTINT","TOT","PC_PA","M","2011-12",6.81193,
"ITA","LTINT","TOT","PC_PA","M","2012-01",6.5366,
"ITA","LTINT","TOT","PC_PA","M","2012-02",5.54646,
"ITA","LTINT","TOT","PC_PA","M","2012-03",5.04876,
"ITA","LTINT","TOT","PC_PA","M","2012-04",5.67583,
"ITA","LTINT","TOT","PC_PA","M","2012-05",5.78334,
"ITA","LTINT","TOT","PC_PA","M","2012-06",5.90366,
"ITA","LTINT","TOT","PC_PA","M","2012-07",5.99562,
"ITA","LTINT","TOT","PC_PA","M","2012-08",5.82165,
"ITA","LTINT","TOT","PC_PA","M","2012-09",5.2543,
"ITA","LTINT","TOT","PC_PA","M","2012-10",4.95287,
"ITA","LTINT","TOT","PC_PA","M","2012-11",4.85144,
"ITA","LTINT","TOT","PC_PA","M","2012-12",4.54158,
"ITA","LTINT","TOT","PC_PA","M","2013-01",4.20769,
"ITA","LTINT","TOT","PC_PA","M","2013-02",4.4929,
"ITA","LTINT","TOT","PC_PA","M","2013-03",4.64036,
"ITA","LTINT","TOT","PC_PA","M","2013-04",4.27767,
"ITA","LTINT","TOT","PC_PA","M","2013-05",3.96398,
"ITA","LTINT","TOT","PC_PA","M","2013-06",4.37887,
"ITA","LTINT","TOT","PC_PA","M","2013-07",4.41831,
"ITA","LTINT","TOT","PC_PA","M","2013-08",4.41911,
"ITA","LTINT","TOT","PC_PA","M","2013-09",4.54105,
"ITA","LTINT","TOT","PC_PA","M","2013-10",4.24765,
"ITA","LTINT","TOT","PC_PA","M","2013-11",4.09506,
"ITA","LTINT","TOT","PC_PA","M","2013-12",4.11398,
"ITA","LTINT","TOT","PC_PA","M","2014-01",3.86587,
"ITA","LTINT","TOT","PC_PA","M","2014-02",3.65119,
"ITA","LTINT","TOT","PC_PA","M","2014-03",3.39943,
"ITA","LTINT","TOT","PC_PA","M","2014-04",3.22823,
"ITA","LTINT","TOT","PC_PA","M","2014-05",3.12329,
"ITA","LTINT","TOT","PC_PA","M","2014-06",2.91968,
"ITA","LTINT","TOT","PC_PA","M","2014-07",2.79361,
"ITA","LTINT","TOT","PC_PA","M","2014-08",2.6327,
"ITA","LTINT","TOT","PC_PA","M","2014-09",2.40013,
"ITA","LTINT","TOT","PC_PA","M","2014-10",2.4239,
"ITA","LTINT","TOT","PC_PA","M","2014-11",2.29036,
"ITA","LTINT","TOT","PC_PA","M","2014-12",1.9898,
"ITA","LTINT","TOT","PC_PA","M","2015-01",1.70214,
"ITA","LTINT","TOT","PC_PA","M","2015-02",1.55683,
"ITA","LTINT","TOT","PC_PA","M","2015-03",1.29423,
"ITA","LTINT","TOT","PC_PA","M","2015-04",1.3574,
"ITA","LTINT","TOT","PC_PA","M","2015-05",1.81211,
"ITA","LTINT","TOT","PC_PA","M","2015-06",2.19919,
"ITA","LTINT","TOT","PC_PA","M","2015-07",2.04214,
"ITA","LTINT","TOT","PC_PA","M","2015-08",1.83856,
"ITA","LTINT","TOT","PC_PA","M","2015-09",1.92014,
"ITA","LTINT","TOT","PC_PA","M","2015-10",1.69606,
"ITA","LTINT","TOT","PC_PA","M","2015-11",1.57018,
"ITA","LTINT","TOT","PC_PA","M","2015-12",1.57864,
"ITA","LTINT","TOT","PC_PA","M","2016-01",1.5343,
"ITA","LTINT","TOT","PC_PA","M","2016-02",1.5585,
"ITA","LTINT","TOT","PC_PA","M","2016-03",1.37516,
"ITA","LTINT","TOT","PC_PA","M","2016-04",1.44177,
"ITA","LTINT","TOT","PC_PA","M","2016-05",1.52632,
"ITA","LTINT","TOT","PC_PA","M","2016-06",1.45346,
"ITA","LTINT","TOT","PC_PA","M","2016-07",1.22722,
"ITA","LTINT","TOT","PC_PA","M","2016-08",1.17635,
"ITA","LTINT","TOT","PC_PA","M","2016-09",1.26606,
"ITA","LTINT","TOT","PC_PA","M","2016-10",1.45047,
"ITA","LTINT","TOT","PC_PA","M","2016-11",1.94278,
"ITA","LTINT","TOT","PC_PA","M","2016-12",1.88618,
"ITA","LTINT","TOT","PC_PA","M","2017-01",1.99107,
"ITA","LTINT","TOT","PC_PA","M","2017-02",2.35192,
"ITA","LTINT","TOT","PC_PA","M","2017-03",2.40073,
"ITA","LTINT","TOT","PC_PA","M","2017-04",2.25705,
"ITA","LTINT","TOT","PC_PA","M","2017-05",2.19402,
"ITA","LTINT","TOT","PC_PA","M","2017-06",2.05337,
"ITA","LTINT","TOT","PC_PA","M","2017-07",2.23141,
"ITA","LTINT","TOT","PC_PA","M","2017-08",2.10986,
"ITA","LTINT","TOT","PC_PA","M","2017-09",2.10949,
"ITA","LTINT","TOT","PC_PA","M","2017-10",2.07385,
"ITA","LTINT","TOT","PC_PA","M","2017-11",1.78885,
"ITA","LTINT","TOT","PC_PA","M","2017-12",1.79452,
"ITA","LTINT","TOT","PC_PA","M","2018-01",1.98419,
"ITA","LTINT","TOT","PC_PA","M","2018-02",2.08078,
"ITA","LTINT","TOT","PC_PA","M","2018-03",1.96547,
"ITA","LTINT","TOT","PC_PA","M","2018-04",1.77335,
"ITA","LTINT","TOT","PC_PA","M","2018-05",2.17969,
"ITA","LTINT","TOT","PC_PA","M","2018-06",2.74417,
"ITA","LTINT","TOT","PC_PA","M","2018-07",2.64298,
"ITA","LTINT","TOT","PC_PA","M","2018-08",3.16096,
"ITA","LTINT","TOT","PC_PA","M","2018-09",2.9585,
"ITA","LTINT","TOT","PC_PA","M","2018-10",3.46884,
"ITA","LTINT","TOT","PC_PA","M","2018-11",3.39008,
"ITA","LTINT","TOT","PC_PA","M","2018-12",2.97513,
"ITA","LTINT","TOT","PC_PA","M","2019-01",2.77011,
"ITA","LTINT","TOT","PC_PA","M","2019-02",2.81241,
"ITA","LTINT","TOT","PC_PA","M","2019-03",2.68985,
"ITA","LTINT","TOT","PC_PA","M","2019-04",2.61756,
"ITA","LTINT","TOT","PC_PA","M","2019-05",2.64404,
"ITA","LTINT","TOT","PC_PA","M","2019-06",2.28374,
"ITA","LTINT","TOT","PC_PA","M","2019-07",1.6539,
"ITA","LTINT","TOT","PC_PA","M","2019-08",1.40365,
"ITA","LTINT","TOT","PC_PA","M","2019-09",0.90208,
"ITA","LTINT","TOT","PC_PA","M","2019-10",1.00355,
"ITA","LTINT","TOT","PC_PA","M","2019-11",1.26594,
"ITA","LTINT","TOT","PC_PA","M","2019-12",1.37011,
"ITA","LTINT","TOT","PC_PA","M","2020-01",1.27499,
"ITA","LTINT","TOT","PC_PA","M","2020-02",0.9555,
"ITA","LTINT","TOT","PC_PA","M","2020-03",1.55118,
"ITA","LTINT","TOT","PC_PA","M","2020-04",1.79913,
"ITA","LTINT","TOT","PC_PA","M","2020-05",1.76204,
"ITA","LTINT","TOT","PC_PA","M","2020-06",1.4552,
"ITA","LTINT","TOT","PC_PA","M","2020-07",1.19629,
"ITA","LTINT","TOT","PC_PA","M","2020-08",1.03189,
"ITA","LTINT","TOT","PC_PA","M","2020-09",0.98121,
"ITA","LTINT","TOT","PC_PA","M","2020-10",0.77007,
"ITA","LTINT","TOT","PC_PA","M","2020-11",0.66399,
"ITA","LTINT","TOT","PC_PA","M","2020-12",0.57801,
"ITA","LTINT","TOT","PC_PA","M","2021-01",0.61566,
"ITA","LTINT","TOT","PC_PA","M","2021-02",0.59041,
"ITA","LTINT","TOT","PC_PA","M","2021-03",0.70399,
"ITA","LTINT","TOT","PC_PA","M","2021-04",0.79727,
"ITA","LTINT","TOT","PC_PA","M","2021-05",0.98446,
"ITA","LTINT","TOT","PC_PA","M","2021-06",0.875,
"ITA","LTINT","TOT","PC_PA","M","2021-07",0.7477,
"ITA","LTINT","TOT","PC_PA","M","2021-08",0.628,
"ITA","LTINT","TOT","PC_PA","M","2021-09",0.7766,
"ITA","LTINT","TOT","PC_PA","M","2021-10",0.95487,
"ITA","LTINT","TOT","PC_PA","M","2021-11",1.009,
"ITA","LTINT","TOT","PC_PA","M","2021-12",1.047,
"ITA","LTINT","TOT","PC_PA","M","2022-01",1.346,
"ITA","LTINT","TOT","PC_PA","M","2022-02",1.794,
"ITA","LTINT","TOT","PC_PA","M","2022-03",1.8538,
"ITA","LTINT","TOT","PC_PA","M","2022-04",2.436,
"ITA","LTINT","TOT","PC_PA","M","2022-05",2.9898,
"ITA","LTINT","TOT","PC_PA","M","2022-06",3.634697,
"ITA","LTINT","TOT","PC_PA","M","2022-07",3.358788,
"ITA","LTINT","TOT","PC_PA","M","2022-08",3.297,
"ITA","LTINT","TOT","PC_PA","M","2022-09",4.138,
"ITA","LTINT","TOT","PC_PA","M","2022-10",4.532,
"ITA","LTINT","TOT","PC_PA","M","2022-11",4.24251,
"ITA","LTINT","TOT","PC_PA","M","2022-12",4.257,
"ITA","LTINT","TOT","PC_PA","M","2023-01",4.24278,
"ITA","LTINT","TOT","PC_PA","M","2023-02",4.27,
"FRA","LTINT","TOT","PC_PA","M","2007-01",4.0694,
"FRA","LTINT","TOT","PC_PA","M","2007-02",4.096,
"FRA","LTINT","TOT","PC_PA","M","2007-03",3.9968,
"FRA","LTINT","TOT","PC_PA","M","2007-04",4.2079,
"FRA","LTINT","TOT","PC_PA","M","2007-05",4.3368,
"FRA","LTINT","TOT","PC_PA","M","2007-06",4.619,
"FRA","LTINT","TOT","PC_PA","M","2007-07",4.5829,
"FRA","LTINT","TOT","PC_PA","M","2007-08",4.3889,
"FRA","LTINT","TOT","PC_PA","M","2007-09",4.3567,
"FRA","LTINT","TOT","PC_PA","M","2007-10",4.4022,
"FRA","LTINT","TOT","PC_PA","M","2007-11",4.2277,
"FRA","LTINT","TOT","PC_PA","M","2007-12",4.3541,
"FRA","LTINT","TOT","PC_PA","M","2008-01",4.15,
"FRA","LTINT","TOT","PC_PA","M","2008-02",4.0792,
"FRA","LTINT","TOT","PC_PA","M","2008-03",4.0194,
"FRA","LTINT","TOT","PC_PA","M","2008-04",4.2699,
"FRA","LTINT","TOT","PC_PA","M","2008-05",4.4059,
"FRA","LTINT","TOT","PC_PA","M","2008-06",4.7337,
"FRA","LTINT","TOT","PC_PA","M","2008-07",4.6903,
"FRA","LTINT","TOT","PC_PA","M","2008-08",4.4018,
"FRA","LTINT","TOT","PC_PA","M","2008-09",4.3619,
"FRA","LTINT","TOT","PC_PA","M","2008-10",4.1836,
"FRA","LTINT","TOT","PC_PA","M","2008-11",3.9767,
"FRA","LTINT","TOT","PC_PA","M","2008-12",3.5395,
"FRA","LTINT","TOT","PC_PA","M","2009-01",3.6016,
"FRA","LTINT","TOT","PC_PA","M","2009-02",3.6781,
"FRA","LTINT","TOT","PC_PA","M","2009-03",3.6474,
"FRA","LTINT","TOT","PC_PA","M","2009-04",3.6591,
"FRA","LTINT","TOT","PC_PA","M","2009-05",3.8045,
"FRA","LTINT","TOT","PC_PA","M","2009-06",3.8997,
"FRA","LTINT","TOT","PC_PA","M","2009-07",3.7329,
"FRA","LTINT","TOT","PC_PA","M","2009-08",3.5874,
"FRA","LTINT","TOT","PC_PA","M","2009-09",3.5869,
"FRA","LTINT","TOT","PC_PA","M","2009-10",3.5579,
"FRA","LTINT","TOT","PC_PA","M","2009-11",3.5552,
"FRA","LTINT","TOT","PC_PA","M","2009-12",3.4751,
"FRA","LTINT","TOT","PC_PA","M","2010-01",3.5157,
"FRA","LTINT","TOT","PC_PA","M","2010-02",3.4981,
"FRA","LTINT","TOT","PC_PA","M","2010-03",3.4374,
"FRA","LTINT","TOT","PC_PA","M","2010-04",3.4016,
"FRA","LTINT","TOT","PC_PA","M","2010-05",3.0757,
"FRA","LTINT","TOT","PC_PA","M","2010-06",3.0732,
"FRA","LTINT","TOT","PC_PA","M","2010-07",2.988,
"FRA","LTINT","TOT","PC_PA","M","2010-08",2.6785,
"FRA","LTINT","TOT","PC_PA","M","2010-09",2.6783,
"FRA","LTINT","TOT","PC_PA","M","2010-10",2.7187,
"FRA","LTINT","TOT","PC_PA","M","2010-11",2.9974,
"FRA","LTINT","TOT","PC_PA","M","2010-12",3.3416,
"FRA","LTINT","TOT","PC_PA","M","2011-01",3.4429,
"FRA","LTINT","TOT","PC_PA","M","2011-02",3.6033,
"FRA","LTINT","TOT","PC_PA","M","2011-03",3.6096,
"FRA","LTINT","TOT","PC_PA","M","2011-04",3.69,
"FRA","LTINT","TOT","PC_PA","M","2011-05",3.4892,
"FRA","LTINT","TOT","PC_PA","M","2011-06",3.4305,
"FRA","LTINT","TOT","PC_PA","M","2011-07",3.3994,
"FRA","LTINT","TOT","PC_PA","M","2011-08",2.9845,
"FRA","LTINT","TOT","PC_PA","M","2011-09",2.6444,
"FRA","LTINT","TOT","PC_PA","M","2011-10",2.9925,
"FRA","LTINT","TOT","PC_PA","M","2011-11",3.4075,
"FRA","LTINT","TOT","PC_PA","M","2011-12",3.1589,
"FRA","LTINT","TOT","PC_PA","M","2012-01",3.1797,
"FRA","LTINT","TOT","PC_PA","M","2012-02",3.0158,
"FRA","LTINT","TOT","PC_PA","M","2012-03",2.9542,
"FRA","LTINT","TOT","PC_PA","M","2012-04",2.9935,
"FRA","LTINT","TOT","PC_PA","M","2012-05",2.7518,
"FRA","LTINT","TOT","PC_PA","M","2012-06",2.5694,
"FRA","LTINT","TOT","PC_PA","M","2012-07",2.2752,
"FRA","LTINT","TOT","PC_PA","M","2012-08",2.1194,
"FRA","LTINT","TOT","PC_PA","M","2012-09",2.2372,
"FRA","LTINT","TOT","PC_PA","M","2012-10",2.1857,
"FRA","LTINT","TOT","PC_PA","M","2012-11",2.1397,
"FRA","LTINT","TOT","PC_PA","M","2012-12",2.0103,
"FRA","LTINT","TOT","PC_PA","M","2013-01",2.1652,
"FRA","LTINT","TOT","PC_PA","M","2013-02",2.2446,
"FRA","LTINT","TOT","PC_PA","M","2013-03",2.071,
"FRA","LTINT","TOT","PC_PA","M","2013-04",1.8028,
"FRA","LTINT","TOT","PC_PA","M","2013-05",1.8728,
"FRA","LTINT","TOT","PC_PA","M","2013-06",2.2107,
"FRA","LTINT","TOT","PC_PA","M","2013-07",2.2468,
"FRA","LTINT","TOT","PC_PA","M","2013-08",2.3624,
"FRA","LTINT","TOT","PC_PA","M","2013-09",2.4858,
"FRA","LTINT","TOT","PC_PA","M","2013-10",2.3943,
"FRA","LTINT","TOT","PC_PA","M","2013-11",2.265,
"FRA","LTINT","TOT","PC_PA","M","2013-12",2.3308,
"FRA","LTINT","TOT","PC_PA","M","2014-01",2.3841,
"FRA","LTINT","TOT","PC_PA","M","2014-02",2.2527,
"FRA","LTINT","TOT","PC_PA","M","2014-03",2.1519,
"FRA","LTINT","TOT","PC_PA","M","2014-04",2.0257,
"FRA","LTINT","TOT","PC_PA","M","2014-05",1.8384,
"FRA","LTINT","TOT","PC_PA","M","2014-06",1.7119,
"FRA","LTINT","TOT","PC_PA","M","2014-07",1.559,
"FRA","LTINT","TOT","PC_PA","M","2014-08",1.4064,
"FRA","LTINT","TOT","PC_PA","M","2014-09",1.3508,
"FRA","LTINT","TOT","PC_PA","M","2014-10",1.2598,
"FRA","LTINT","TOT","PC_PA","M","2014-11",1.1358,
"FRA","LTINT","TOT","PC_PA","M","2014-12",0.9208,
"FRA","LTINT","TOT","PC_PA","M","2015-01",0.6741,
"FRA","LTINT","TOT","PC_PA","M","2015-02",0.5968,
"FRA","LTINT","TOT","PC_PA","M","2015-03",0.5093,
"FRA","LTINT","TOT","PC_PA","M","2015-04",0.435,
"FRA","LTINT","TOT","PC_PA","M","2015-05",0.8888,
"FRA","LTINT","TOT","PC_PA","M","2015-06",1.1955,
"FRA","LTINT","TOT","PC_PA","M","2015-07",1.1136,
"FRA","LTINT","TOT","PC_PA","M","2015-08",1.0051,
"FRA","LTINT","TOT","PC_PA","M","2015-09",1.0046,
"FRA","LTINT","TOT","PC_PA","M","2015-10",0.8652,
"FRA","LTINT","TOT","PC_PA","M","2015-11",0.8831,
"FRA","LTINT","TOT","PC_PA","M","2015-12",0.9312,
"FRA","LTINT","TOT","PC_PA","M","2016-01",0.8428,
"FRA","LTINT","TOT","PC_PA","M","2016-02",0.5923,
"FRA","LTINT","TOT","PC_PA","M","2016-03",0.5093,
"FRA","LTINT","TOT","PC_PA","M","2016-04",0.5142,
"FRA","LTINT","TOT","PC_PA","M","2016-05",0.5095,
"FRA","LTINT","TOT","PC_PA","M","2016-06",0.39,
"FRA","LTINT","TOT","PC_PA","M","2016-07",0.1714,
"FRA","LTINT","TOT","PC_PA","M","2016-08",0.1534,
"FRA","LTINT","TOT","PC_PA","M","2016-09",0.1837,
"FRA","LTINT","TOT","PC_PA","M","2016-10",0.3309,
"FRA","LTINT","TOT","PC_PA","M","2016-11",0.6673,
"FRA","LTINT","TOT","PC_PA","M","2016-12",0.7498,
"FRA","LTINT","TOT","PC_PA","M","2017-01",0.8631,
"FRA","LTINT","TOT","PC_PA","M","2017-02",1.0307,
"FRA","LTINT","TOT","PC_PA","M","2017-03",1.0216,
"FRA","LTINT","TOT","PC_PA","M","2017-04",0.8836,
"FRA","LTINT","TOT","PC_PA","M","2017-05",0.8057,
"FRA","LTINT","TOT","PC_PA","M","2017-06",0.6641,
"FRA","LTINT","TOT","PC_PA","M","2017-07",0.8359,
"FRA","LTINT","TOT","PC_PA","M","2017-08",0.7107,
"FRA","LTINT","TOT","PC_PA","M","2017-09",0.699,
"FRA","LTINT","TOT","PC_PA","M","2017-10",0.812,
"FRA","LTINT","TOT","PC_PA","M","2017-11",0.7171,
"FRA","LTINT","TOT","PC_PA","M","2017-12",0.6748,
"FRA","LTINT","TOT","PC_PA","M","2018-01",0.859,
"FRA","LTINT","TOT","PC_PA","M","2018-02",0.9818,
"FRA","LTINT","TOT","PC_PA","M","2018-03",0.8352,
"FRA","LTINT","TOT","PC_PA","M","2018-04",0.7784,
"FRA","LTINT","TOT","PC_PA","M","2018-05",0.781,
"FRA","LTINT","TOT","PC_PA","M","2018-06",0.754,
"FRA","LTINT","TOT","PC_PA","M","2018-07",0.6653,
"FRA","LTINT","TOT","PC_PA","M","2018-08",0.7045,
"FRA","LTINT","TOT","PC_PA","M","2018-09",0.7658,
"FRA","LTINT","TOT","PC_PA","M","2018-10",0.8229,
"FRA","LTINT","TOT","PC_PA","M","2018-11",0.763,
"FRA","LTINT","TOT","PC_PA","M","2018-12",0.6984,
"FRA","LTINT","TOT","PC_PA","M","2019-01",0.6456,
"FRA","LTINT","TOT","PC_PA","M","2019-02",0.5498,
"FRA","LTINT","TOT","PC_PA","M","2019-03",0.437,
"FRA","LTINT","TOT","PC_PA","M","2019-04",0.3718,
"FRA","LTINT","TOT","PC_PA","M","2019-05",0.3045,
"FRA","LTINT","TOT","PC_PA","M","2019-06",0.0791,
"FRA","LTINT","TOT","PC_PA","M","2019-07",-0.069,
"FRA","LTINT","TOT","PC_PA","M","2019-08",-0.3391,
"FRA","LTINT","TOT","PC_PA","M","2019-09",-0.2757,
"FRA","LTINT","TOT","PC_PA","M","2019-10",-0.1574,
"FRA","LTINT","TOT","PC_PA","M","2019-11",-0.0204,
"FRA","LTINT","TOT","PC_PA","M","2019-12",0.0362,
"FRA","LTINT","TOT","PC_PA","M","2020-01",-0.007,
"FRA","LTINT","TOT","PC_PA","M","2020-02",-0.1772,
"FRA","LTINT","TOT","PC_PA","M","2020-03",-0.0584,
"FRA","LTINT","TOT","PC_PA","M","2020-04",0.0578,
"FRA","LTINT","TOT","PC_PA","M","2020-05",-0.0301,
"FRA","LTINT","TOT","PC_PA","M","2020-06",-0.044,
"FRA","LTINT","TOT","PC_PA","M","2020-07",-0.1478,
"FRA","LTINT","TOT","PC_PA","M","2020-08",-0.1713,
"FRA","LTINT","TOT","PC_PA","M","2020-09",-0.2072,
"FRA","LTINT","TOT","PC_PA","M","2020-10",-0.2966,
"FRA","LTINT","TOT","PC_PA","M","2020-11",-0.3262,
"FRA","LTINT","TOT","PC_PA","M","2020-12",-0.3352,
"FRA","LTINT","TOT","PC_PA","M","2021-01",-0.3052,
"FRA","LTINT","TOT","PC_PA","M","2021-02",-0.1504,
"FRA","LTINT","TOT","PC_PA","M","2021-03",-0.0701,
"FRA","LTINT","TOT","PC_PA","M","2021-04",-0.0056,
"FRA","LTINT","TOT","PC_PA","M","2021-05",0.2068,
"FRA","LTINT","TOT","PC_PA","M","2021-06",0.153,
"FRA","LTINT","TOT","PC_PA","M","2021-07",-0.0058,
"FRA","LTINT","TOT","PC_PA","M","2021-08",-0.1143,
"FRA","LTINT","TOT","PC_PA","M","2021-09",0.04,
"FRA","LTINT","TOT","PC_PA","M","2021-10",0.2,
"FRA","LTINT","TOT","PC_PA","M","2021-11",0.09,
"FRA","LTINT","TOT","PC_PA","M","2021-12",0.05,
"FRA","LTINT","TOT","PC_PA","M","2022-01",0.31,
"FRA","LTINT","TOT","PC_PA","M","2022-02",0.68,
"FRA","LTINT","TOT","PC_PA","M","2022-03",0.78,
"FRA","LTINT","TOT","PC_PA","M","2022-04",1.28,
"FRA","LTINT","TOT","PC_PA","M","2022-05",1.52,
"FRA","LTINT","TOT","PC_PA","M","2022-06",2.06,
"FRA","LTINT","TOT","PC_PA","M","2022-07",1.71,
"FRA","LTINT","TOT","PC_PA","M","2022-08",1.69,
"FRA","LTINT","TOT","PC_PA","M","2022-09",2.41,
"FRA","LTINT","TOT","PC_PA","M","2022-10",2.77,
"FRA","LTINT","TOT","PC_PA","M","2022-11",2.58,
"FRA","LTINT","TOT","PC_PA","M","2022-12",2.62,
"FRA","LTINT","TOT","PC_PA","M","2023-01",2.69,
"FRA","LTINT","TOT","PC_PA","M","2023-02",2.87,
"FRA","LTINT","TOT","PC_PA","M","2023-03",2.92,
"ZAF","LTINT","TOT","PC_PA","M","2007-01",7.636818,
"ZAF","LTINT","TOT","PC_PA","M","2007-02",7.518,
"ZAF","LTINT","TOT","PC_PA","M","2007-03",7.591905,
"ZAF","LTINT","TOT","PC_PA","M","2007-04",7.642222,
"ZAF","LTINT","TOT","PC_PA","M","2007-05",7.59,
"ZAF","LTINT","TOT","PC_PA","M","2007-06",8.090952,
"ZAF","LTINT","TOT","PC_PA","M","2007-07",8.338636,
"ZAF","LTINT","TOT","PC_PA","M","2007-08",8.379545,
"ZAF","LTINT","TOT","PC_PA","M","2007-09",8.43,
"ZAF","LTINT","TOT","PC_PA","M","2007-10",8.117392,
"ZAF","LTINT","TOT","PC_PA","M","2007-11",8.187273,
"ZAF","LTINT","TOT","PC_PA","M","2007-12",8.328823,
"ZAF","LTINT","TOT","PC_PA","M","2008-01",8.345454,
"ZAF","LTINT","TOT","PC_PA","M","2008-02",8.7,
"ZAF","LTINT","TOT","PC_PA","M","2008-03",9.162632,
"ZAF","LTINT","TOT","PC_PA","M","2008-04",9.16381,
"ZAF","LTINT","TOT","PC_PA","M","2008-05",9.508,
"ZAF","LTINT","TOT","PC_PA","M","2008-06",10.3465,
"ZAF","LTINT","TOT","PC_PA","M","2008-07",10.12304,
"ZAF","LTINT","TOT","PC_PA","M","2008-08",9.197143,
"ZAF","LTINT","TOT","PC_PA","M","2008-09",9.051,
"ZAF","LTINT","TOT","PC_PA","M","2008-10",9.175218,
"ZAF","LTINT","TOT","PC_PA","M","2008-11",8.6065,
"ZAF","LTINT","TOT","PC_PA","M","2008-12",7.7135,
"ZAF","LTINT","TOT","PC_PA","M","2009-01",7.803,
"ZAF","LTINT","TOT","PC_PA","M","2009-02",8.2355,
"ZAF","LTINT","TOT","PC_PA","M","2009-03",8.385909,
"ZAF","LTINT","TOT","PC_PA","M","2009-04",8.547778,
"ZAF","LTINT","TOT","PC_PA","M","2009-05",8.7005,
"ZAF","LTINT","TOT","PC_PA","M","2009-06",8.87619,
"ZAF","LTINT","TOT","PC_PA","M","2009-07",9.106522,
"ZAF","LTINT","TOT","PC_PA","M","2009-08",8.7905,
"ZAF","LTINT","TOT","PC_PA","M","2009-09",8.702,
"ZAF","LTINT","TOT","PC_PA","M","2009-10",9.095,
"ZAF","LTINT","TOT","PC_PA","M","2009-11",9.016191,
"ZAF","LTINT","TOT","PC_PA","M","2009-12",9.035238,
"ZAF","LTINT","TOT","PC_PA","M","2010-01",9.227,
"ZAF","LTINT","TOT","PC_PA","M","2010-02",9.1145,
"ZAF","LTINT","TOT","PC_PA","M","2010-03",8.937273,
"ZAF","LTINT","TOT","PC_PA","M","2010-04",8.75579,
"ZAF","LTINT","TOT","PC_PA","M","2010-05",8.935238,
"ZAF","LTINT","TOT","PC_PA","M","2010-06",8.975238,
"ZAF","LTINT","TOT","PC_PA","M","2010-07",8.805,
"ZAF","LTINT","TOT","PC_PA","M","2010-08",8.185238,
"ZAF","LTINT","TOT","PC_PA","M","2010-09",7.915238,
"ZAF","LTINT","TOT","PC_PA","M","2010-10",8.028095,
"ZAF","LTINT","TOT","PC_PA","M","2010-11",8.115909,
"ZAF","LTINT","TOT","PC_PA","M","2010-12",8.390476,
"ZAF","LTINT","TOT","PC_PA","M","2011-01",8.476191,
"ZAF","LTINT","TOT","PC_PA","M","2011-02",8.7015,
"ZAF","LTINT","TOT","PC_PA","M","2011-03",8.946363,
"ZAF","LTINT","TOT","PC_PA","M","2011-04",8.725,
"ZAF","LTINT","TOT","PC_PA","M","2011-05",8.56,
"ZAF","LTINT","TOT","PC_PA","M","2011-06",8.499047,
"ZAF","LTINT","TOT","PC_PA","M","2011-07",8.540057,
"ZAF","LTINT","TOT","PC_PA","M","2011-08",8.123636,
"ZAF","LTINT","TOT","PC_PA","M","2011-09",8.220909,
"ZAF","LTINT","TOT","PC_PA","M","2011-10",8.41,
"ZAF","LTINT","TOT","PC_PA","M","2011-11",8.45,
"ZAF","LTINT","TOT","PC_PA","M","2011-12",8.516315,
"ZAF","LTINT","TOT","PC_PA","M","2012-01",8.439048,
"ZAF","LTINT","TOT","PC_PA","M","2012-02",8.217619,
"ZAF","LTINT","TOT","PC_PA","M","2012-03",8.368571,
"ZAF","LTINT","TOT","PC_PA","M","2012-04",8.289444,
"ZAF","LTINT","TOT","PC_PA","M","2012-05",8.288,
"ZAF","LTINT","TOT","PC_PA","M","2012-06",8.176666,
"ZAF","LTINT","TOT","PC_PA","M","2012-07",7.555,
"ZAF","LTINT","TOT","PC_PA","M","2012-08",7.465455,
"ZAF","LTINT","TOT","PC_PA","M","2012-09",7.39421,
"ZAF","LTINT","TOT","PC_PA","M","2012-10",7.666087,
"ZAF","LTINT","TOT","PC_PA","M","2012-11",7.631818,
"ZAF","LTINT","TOT","PC_PA","M","2012-12",7.341667,
"ZAF","LTINT","TOT","PC_PA","M","2013-01",7.253182,
"ZAF","LTINT","TOT","PC_PA","M","2013-02",7.2795,
"ZAF","LTINT","TOT","PC_PA","M","2013-03",7.397368,
"ZAF","LTINT","TOT","PC_PA","M","2013-04",6.997143,
"ZAF","LTINT","TOT","PC_PA","M","2013-05",6.903636,
"ZAF","LTINT","TOT","PC_PA","M","2013-06",7.952631,
"ZAF","LTINT","TOT","PC_PA","M","2013-07",7.97087,
"ZAF","LTINT","TOT","PC_PA","M","2013-08",8.364762,
"ZAF","LTINT","TOT","PC_PA","M","2013-09",8.1695,
"ZAF","LTINT","TOT","PC_PA","M","2013-10",7.894783,
"ZAF","LTINT","TOT","PC_PA","M","2013-11",8.183333,
"ZAF","LTINT","TOT","PC_PA","M","2013-12",8.268421,
"ZAF","LTINT","TOT","PC_PA","M","2014-01",8.406818,
"ZAF","LTINT","TOT","PC_PA","M","2014-02",8.6635,
"ZAF","LTINT","TOT","PC_PA","M","2014-03",8.52,
"ZAF","LTINT","TOT","PC_PA","M","2014-04",8.415263,
"ZAF","LTINT","TOT","PC_PA","M","2014-05",8.16,
"ZAF","LTINT","TOT","PC_PA","M","2014-06",8.331,
"ZAF","LTINT","TOT","PC_PA","M","2014-07",8.255652,
"ZAF","LTINT","TOT","PC_PA","M","2014-08",8.230476,
"ZAF","LTINT","TOT","PC_PA","M","2014-09",8.152857,
"ZAF","LTINT","TOT","PC_PA","M","2014-10",8.062174,
"ZAF","LTINT","TOT","PC_PA","M","2014-11",7.846,
"ZAF","LTINT","TOT","PC_PA","M","2014-12",7.8825,
"ZAF","LTINT","TOT","PC_PA","M","2015-01",7.464762,
"ZAF","LTINT","TOT","PC_PA","M","2015-02",7.49,
"ZAF","LTINT","TOT","PC_PA","M","2015-03",7.808182,
"ZAF","LTINT","TOT","PC_PA","M","2015-04",7.823158,
"ZAF","LTINT","TOT","PC_PA","M","2015-05",8.0725,
"ZAF","LTINT","TOT","PC_PA","M","2015-06",8.326667,
"ZAF","LTINT","TOT","PC_PA","M","2015-07",8.182174,
"ZAF","LTINT","TOT","PC_PA","M","2015-08",8.2635,
"ZAF","LTINT","TOT","PC_PA","M","2015-09",8.460476,
"ZAF","LTINT","TOT","PC_PA","M","2015-10",8.273637,
"ZAF","LTINT","TOT","PC_PA","M","2015-11",8.490952,
"ZAF","LTINT","TOT","PC_PA","M","2015-12",9.25381,
"ZAF","LTINT","TOT","PC_PA","M","2016-01",9.6315,
"ZAF","LTINT","TOT","PC_PA","M","2016-02",9.221905,
"ZAF","LTINT","TOT","PC_PA","M","2016-03",9.266,
"ZAF","LTINT","TOT","PC_PA","M","2016-04",9.067,
"ZAF","LTINT","TOT","PC_PA","M","2016-05",9.289047,
"ZAF","LTINT","TOT","PC_PA","M","2016-06",9.062857,
"ZAF","LTINT","TOT","PC_PA","M","2016-07",8.729048,
"ZAF","LTINT","TOT","PC_PA","M","2016-08",8.633333,
"ZAF","LTINT","TOT","PC_PA","M","2016-09",8.675,
"ZAF","LTINT","TOT","PC_PA","M","2016-10",8.768095,
"ZAF","LTINT","TOT","PC_PA","M","2016-11",8.904091,
"ZAF","LTINT","TOT","PC_PA","M","2016-12",8.95421,
"ZAF","LTINT","TOT","PC_PA","M","2017-01",8.765238,
"ZAF","LTINT","TOT","PC_PA","M","2017-02",8.7525,
"ZAF","LTINT","TOT","PC_PA","M","2017-03",8.615909,
"ZAF","LTINT","TOT","PC_PA","M","2017-04",8.831177,
"ZAF","LTINT","TOT","PC_PA","M","2017-05",8.650909,
"ZAF","LTINT","TOT","PC_PA","M","2017-06",9.020952,
"ZAF","LTINT","TOT","PC_PA","M","2017-07",9.240952,
"ZAF","LTINT","TOT","PC_PA","M","2017-08",9.117272,
"ZAF","LTINT","TOT","PC_PA","M","2017-09",9.025,
"ZAF","LTINT","TOT","PC_PA","M","2017-10",9.357727,
"ZAF","LTINT","TOT","PC_PA","M","2017-11",9.770909,
"ZAF","LTINT","TOT","PC_PA","M","2017-12",9.499474,
"ZAF","LTINT","TOT","PC_PA","M","2018-01",9.076,
"ZAF","LTINT","TOT","PC_PA","M","2018-02",8.746,
"ZAF","LTINT","TOT","PC_PA","M","2018-03",8.497,
"ZAF","LTINT","TOT","PC_PA","M","2018-04",8.48,
"ZAF","LTINT","TOT","PC_PA","M","2018-05",8.826818,
"ZAF","LTINT","TOT","PC_PA","M","2018-06",9.297143,
"ZAF","LTINT","TOT","PC_PA","M","2018-07",9.091818,
"ZAF","LTINT","TOT","PC_PA","M","2018-08",9.28091,
"ZAF","LTINT","TOT","PC_PA","M","2018-09",9.526316,
"ZAF","LTINT","TOT","PC_PA","M","2018-10",9.623913,
"ZAF","LTINT","TOT","PC_PA","M","2018-11",9.55,
"ZAF","LTINT","TOT","PC_PA","M","2018-12",9.535,
"ZAF","LTINT","TOT","PC_PA","M","2019-01",9.296364,
"ZAF","LTINT","TOT","PC_PA","M","2019-02",9.261,
"ZAF","LTINT","TOT","PC_PA","M","2019-03",9.2375,
"ZAF","LTINT","TOT","PC_PA","M","2019-04",9.063,
"ZAF","LTINT","TOT","PC_PA","M","2019-05",9.102381,
"ZAF","LTINT","TOT","PC_PA","M","2019-06",9.026316,
"ZAF","LTINT","TOT","PC_PA","M","2019-07",8.780313,
"ZAF","LTINT","TOT","PC_PA","M","2019-08",9.030952,
"ZAF","LTINT","TOT","PC_PA","M","2019-09",8.8935,
"ZAF","LTINT","TOT","PC_PA","M","2019-10",8.927391,
"ZAF","LTINT","TOT","PC_PA","M","2019-11",9.134286,
"ZAF","LTINT","TOT","PC_PA","M","2019-12",9.117895,
"ZAF","LTINT","TOT","PC_PA","M","2020-01",9.016818,
"ZAF","LTINT","TOT","PC_PA","M","2020-02",8.935,
"ZAF","LTINT","TOT","PC_PA","M","2020-03",10.85201,
"ZAF","LTINT","TOT","PC_PA","M","2020-04",11.23263,
"ZAF","LTINT","TOT","PC_PA","M","2020-05",10.074,
"ZAF","LTINT","TOT","PC_PA","M","2020-06",9.958096,
"ZAF","LTINT","TOT","PC_PA","M","2020-07",10.26522,
"ZAF","LTINT","TOT","PC_PA","M","2020-08",10.1865,
"ZAF","LTINT","TOT","PC_PA","M","2020-09",10.21571,
"ZAF","LTINT","TOT","PC_PA","M","2020-10",10.38864,
"ZAF","LTINT","TOT","PC_PA","M","2020-11",9.965239,
"ZAF","LTINT","TOT","PC_PA","M","2020-12",9.789047,
"ZAF","LTINT","TOT","PC_PA","M","2021-01",9.7115,
"ZAF","LTINT","TOT","PC_PA","M","2021-02",9.5045,
"ZAF","LTINT","TOT","PC_PA","M","2021-03",10.08773,
"ZAF","LTINT","TOT","PC_PA","M","2021-04",10.02895,
"ZAF","LTINT","TOT","PC_PA","M","2021-05",9.816667,
"ZAF","LTINT","TOT","PC_PA","M","2021-06",9.526667,
"ZAF","LTINT","TOT","PC_PA","M","2021-07",9.623636,
"ZAF","LTINT","TOT","PC_PA","M","2021-08",9.567619,
"ZAF","LTINT","TOT","PC_PA","M","2021-09",9.624286,
"ZAF","LTINT","TOT","PC_PA","M","2021-10",10.06476,
"ZAF","LTINT","TOT","PC_PA","M","2021-11",10.02,
"ZAF","LTINT","TOT","PC_PA","M","2021-12",9.900476,
"ZAF","LTINT","TOT","PC_PA","M","2022-01",9.83,
"ZAF","LTINT","TOT","PC_PA","M","2022-02",9.6515,
"ZAF","LTINT","TOT","PC_PA","M","2022-03",10.09636,
"ZAF","LTINT","TOT","PC_PA","M","2022-04",10.11167,
"ZAF","LTINT","TOT","PC_PA","M","2022-05",10.32286,
"ZAF","LTINT","TOT","PC_PA","M","2022-06",10.93524,
"ZAF","LTINT","TOT","PC_PA","M","2022-07",11.42333,
"ZAF","LTINT","TOT","PC_PA","M","2022-08",10.92409,
"ZAF","LTINT","TOT","PC_PA","M","2022-09",11.24909,
"ZAF","LTINT","TOT","PC_PA","M","2022-10",11.63048,
"ZAF","LTINT","TOT","PC_PA","M","2022-11",11.27955,
"ZAF","LTINT","TOT","PC_PA","M","2022-12",11.38368,
"ZAF","LTINT","TOT","PC_PA","M","2023-01",10.97286,
"ZAF","LTINT","TOT","PC_PA","M","2023-02",11.046,
"ZAF","LTINT","TOT","PC_PA","M","2023-03",11.19409,
"USA","LTINT","TOT","PC_PA","M","2007-01",4.76,
"USA","LTINT","TOT","PC_PA","M","2007-02",4.72,
"USA","LTINT","TOT","PC_PA","M","2007-03",4.56,
"USA","LTINT","TOT","PC_PA","M","2007-04",4.69,
"USA","LTINT","TOT","PC_PA","M","2007-05",4.75,
"USA","LTINT","TOT","PC_PA","M","2007-06",5.1,
"USA","LTINT","TOT","PC_PA","M","2007-07",5,
"USA","LTINT","TOT","PC_PA","M","2007-08",4.67,
"USA","LTINT","TOT","PC_PA","M","2007-09",4.52,
"USA","LTINT","TOT","PC_PA","M","2007-10",4.53,
"USA","LTINT","TOT","PC_PA","M","2007-11",4.15,
"USA","LTINT","TOT","PC_PA","M","2007-12",4.1,
"USA","LTINT","TOT","PC_PA","M","2008-01",3.74,
"USA","LTINT","TOT","PC_PA","M","2008-02",3.74,
"USA","LTINT","TOT","PC_PA","M","2008-03",3.51,
"USA","LTINT","TOT","PC_PA","M","2008-04",3.68,
"USA","LTINT","TOT","PC_PA","M","2008-05",3.88,
"USA","LTINT","TOT","PC_PA","M","2008-06",4.1,
"USA","LTINT","TOT","PC_PA","M","2008-07",4.01,
"USA","LTINT","TOT","PC_PA","M","2008-08",3.89,
"USA","LTINT","TOT","PC_PA","M","2008-09",3.69,
"USA","LTINT","TOT","PC_PA","M","2008-10",3.81,
"USA","LTINT","TOT","PC_PA","M","2008-11",3.53,
"USA","LTINT","TOT","PC_PA","M","2008-12",2.42,
"USA","LTINT","TOT","PC_PA","M","2009-01",2.52,
"USA","LTINT","TOT","PC_PA","M","2009-02",2.87,
"USA","LTINT","TOT","PC_PA","M","2009-03",2.82,
"USA","LTINT","TOT","PC_PA","M","2009-04",2.93,
"USA","LTINT","TOT","PC_PA","M","2009-05",3.29,
"USA","LTINT","TOT","PC_PA","M","2009-06",3.72,
"USA","LTINT","TOT","PC_PA","M","2009-07",3.56,
"USA","LTINT","TOT","PC_PA","M","2009-08",3.59,
"USA","LTINT","TOT","PC_PA","M","2009-09",3.4,
"USA","LTINT","TOT","PC_PA","M","2009-10",3.39,
"USA","LTINT","TOT","PC_PA","M","2009-11",3.4,
"USA","LTINT","TOT","PC_PA","M","2009-12",3.59,
"USA","LTINT","TOT","PC_PA","M","2010-01",3.73,
"USA","LTINT","TOT","PC_PA","M","2010-02",3.69,
"USA","LTINT","TOT","PC_PA","M","2010-03",3.73,
"USA","LTINT","TOT","PC_PA","M","2010-04",3.85,
"USA","LTINT","TOT","PC_PA","M","2010-05",3.42,
"USA","LTINT","TOT","PC_PA","M","2010-06",3.2,
"USA","LTINT","TOT","PC_PA","M","2010-07",3.01,
"USA","LTINT","TOT","PC_PA","M","2010-08",2.7,
"USA","LTINT","TOT","PC_PA","M","2010-09",2.65,
"USA","LTINT","TOT","PC_PA","M","2010-10",2.54,
"USA","LTINT","TOT","PC_PA","M","2010-11",2.76,
"USA","LTINT","TOT","PC_PA","M","2010-12",3.29,
"USA","LTINT","TOT","PC_PA","M","2011-01",3.39,
"USA","LTINT","TOT","PC_PA","M","2011-02",3.58,
"USA","LTINT","TOT","PC_PA","M","2011-03",3.41,
"USA","LTINT","TOT","PC_PA","M","2011-04",3.46,
"USA","LTINT","TOT","PC_PA","M","2011-05",3.17,
"USA","LTINT","TOT","PC_PA","M","2011-06",3,
"USA","LTINT","TOT","PC_PA","M","2011-07",3,
"USA","LTINT","TOT","PC_PA","M","2011-08",2.3,
"USA","LTINT","TOT","PC_PA","M","2011-09",1.98,
"USA","LTINT","TOT","PC_PA","M","2011-10",2.15,
"USA","LTINT","TOT","PC_PA","M","2011-11",2.01,
"USA","LTINT","TOT","PC_PA","M","2011-12",1.98,
"USA","LTINT","TOT","PC_PA","M","2012-01",1.97,
"USA","LTINT","TOT","PC_PA","M","2012-02",1.97,
"USA","LTINT","TOT","PC_PA","M","2012-03",2.17,
"USA","LTINT","TOT","PC_PA","M","2012-04",2.05,
"USA","LTINT","TOT","PC_PA","M","2012-05",1.8,
"USA","LTINT","TOT","PC_PA","M","2012-06",1.62,
"USA","LTINT","TOT","PC_PA","M","2012-07",1.53,
"USA","LTINT","TOT","PC_PA","M","2012-08",1.68,
"USA","LTINT","TOT","PC_PA","M","2012-09",1.72,
"USA","LTINT","TOT","PC_PA","M","2012-10",1.75,
"USA","LTINT","TOT","PC_PA","M","2012-11",1.65,
"USA","LTINT","TOT","PC_PA","M","2012-12",1.72,
"USA","LTINT","TOT","PC_PA","M","2013-01",1.91,
"USA","LTINT","TOT","PC_PA","M","2013-02",1.98,
"USA","LTINT","TOT","PC_PA","M","2013-03",1.96,
"USA","LTINT","TOT","PC_PA","M","2013-04",1.76,
"USA","LTINT","TOT","PC_PA","M","2013-05",1.93,
"USA","LTINT","TOT","PC_PA","M","2013-06",2.3,
"USA","LTINT","TOT","PC_PA","M","2013-07",2.58,
"USA","LTINT","TOT","PC_PA","M","2013-08",2.74,
"USA","LTINT","TOT","PC_PA","M","2013-09",2.81,
"USA","LTINT","TOT","PC_PA","M","2013-10",2.62,
"USA","LTINT","TOT","PC_PA","M","2013-11",2.72,
"USA","LTINT","TOT","PC_PA","M","2013-12",2.9,
"USA","LTINT","TOT","PC_PA","M","2014-01",2.86,
"USA","LTINT","TOT","PC_PA","M","2014-02",2.71,
"USA","LTINT","TOT","PC_PA","M","2014-03",2.72,
"USA","LTINT","TOT","PC_PA","M","2014-04",2.71,
"USA","LTINT","TOT","PC_PA","M","2014-05",2.56,
"USA","LTINT","TOT","PC_PA","M","2014-06",2.6,
"USA","LTINT","TOT","PC_PA","M","2014-07",2.54,
"USA","LTINT","TOT","PC_PA","M","2014-08",2.42,
"USA","LTINT","TOT","PC_PA","M","2014-09",2.53,
"USA","LTINT","TOT","PC_PA","M","2014-10",2.3,
"USA","LTINT","TOT","PC_PA","M","2014-11",2.33,
"USA","LTINT","TOT","PC_PA","M","2014-12",2.21,
"USA","LTINT","TOT","PC_PA","M","2015-01",1.88,
"USA","LTINT","TOT","PC_PA","M","2015-02",1.98,
"USA","LTINT","TOT","PC_PA","M","2015-03",2.04,
"USA","LTINT","TOT","PC_PA","M","2015-04",1.94,
"USA","LTINT","TOT","PC_PA","M","2015-05",2.2,
"USA","LTINT","TOT","PC_PA","M","2015-06",2.36,
"USA","LTINT","TOT","PC_PA","M","2015-07",2.32,
"USA","LTINT","TOT","PC_PA","M","2015-08",2.17,
"USA","LTINT","TOT","PC_PA","M","2015-09",2.17,
"USA","LTINT","TOT","PC_PA","M","2015-10",2.07,
"USA","LTINT","TOT","PC_PA","M","2015-11",2.26,
"USA","LTINT","TOT","PC_PA","M","2015-12",2.24,
"USA","LTINT","TOT","PC_PA","M","2016-01",2.09,
"USA","LTINT","TOT","PC_PA","M","2016-02",1.78,
"USA","LTINT","TOT","PC_PA","M","2016-03",1.89,
"USA","LTINT","TOT","PC_PA","M","2016-04",1.81,
"USA","LTINT","TOT","PC_PA","M","2016-05",1.81,
"USA","LTINT","TOT","PC_PA","M","2016-06",1.64,
"USA","LTINT","TOT","PC_PA","M","2016-07",1.5,
"USA","LTINT","TOT","PC_PA","M","2016-08",1.56,
"USA","LTINT","TOT","PC_PA","M","2016-09",1.63,
"USA","LTINT","TOT","PC_PA","M","2016-10",1.76,
"USA","LTINT","TOT","PC_PA","M","2016-11",2.14,
"USA","LTINT","TOT","PC_PA","M","2016-12",2.49,
"USA","LTINT","TOT","PC_PA","M","2017-01",2.43,
"USA","LTINT","TOT","PC_PA","M","2017-02",2.42,
"USA","LTINT","TOT","PC_PA","M","2017-03",2.48,
"USA","LTINT","TOT","PC_PA","M","2017-04",2.3,
"USA","LTINT","TOT","PC_PA","M","2017-05",2.3,
"USA","LTINT","TOT","PC_PA","M","2017-06",2.19,
"USA","LTINT","TOT","PC_PA","M","2017-07",2.32,
"USA","LTINT","TOT","PC_PA","M","2017-08",2.21,
"USA","LTINT","TOT","PC_PA","M","2017-09",2.2,
"USA","LTINT","TOT","PC_PA","M","2017-10",2.36,
"USA","LTINT","TOT","PC_PA","M","2017-11",2.35,
"USA","LTINT","TOT","PC_PA","M","2017-12",2.4,
"USA","LTINT","TOT","PC_PA","M","2018-01",2.58,
"USA","LTINT","TOT","PC_PA","M","2018-02",2.86,
"USA","LTINT","TOT","PC_PA","M","2018-03",2.84,
"USA","LTINT","TOT","PC_PA","M","2018-04",2.87,
"USA","LTINT","TOT","PC_PA","M","2018-05",2.98,
"USA","LTINT","TOT","PC_PA","M","2018-06",2.91,
"USA","LTINT","TOT","PC_PA","M","2018-07",2.89,
"USA","LTINT","TOT","PC_PA","M","2018-08",2.89,
"USA","LTINT","TOT","PC_PA","M","2018-09",3,
"USA","LTINT","TOT","PC_PA","M","2018-10",3.15,
"USA","LTINT","TOT","PC_PA","M","2018-11",3.12,
"USA","LTINT","TOT","PC_PA","M","2018-12",2.83,
"USA","LTINT","TOT","PC_PA","M","2019-01",2.71,
"USA","LTINT","TOT","PC_PA","M","2019-02",2.68,
"USA","LTINT","TOT","PC_PA","M","2019-03",2.57,
"USA","LTINT","TOT","PC_PA","M","2019-04",2.53,
"USA","LTINT","TOT","PC_PA","M","2019-05",2.4,
"USA","LTINT","TOT","PC_PA","M","2019-06",2.07,
"USA","LTINT","TOT","PC_PA","M","2019-07",2.06,
"USA","LTINT","TOT","PC_PA","M","2019-08",1.63,
"USA","LTINT","TOT","PC_PA","M","2019-09",1.7,
"USA","LTINT","TOT","PC_PA","M","2019-10",1.71,
"USA","LTINT","TOT","PC_PA","M","2019-11",1.81,
"USA","LTINT","TOT","PC_PA","M","2019-12",1.86,
"USA","LTINT","TOT","PC_PA","M","2020-01",1.76,
"USA","LTINT","TOT","PC_PA","M","2020-02",1.5,
"USA","LTINT","TOT","PC_PA","M","2020-03",0.87,
"USA","LTINT","TOT","PC_PA","M","2020-04",0.66,
"USA","LTINT","TOT","PC_PA","M","2020-05",0.67,
"USA","LTINT","TOT","PC_PA","M","2020-06",0.73,
"USA","LTINT","TOT","PC_PA","M","2020-07",0.62,
"USA","LTINT","TOT","PC_PA","M","2020-08",0.65,
"USA","LTINT","TOT","PC_PA","M","2020-09",0.68,
"USA","LTINT","TOT","PC_PA","M","2020-10",0.79,
"USA","LTINT","TOT","PC_PA","M","2020-11",0.87,
"USA","LTINT","TOT","PC_PA","M","2020-12",0.93,
"USA","LTINT","TOT","PC_PA","M","2021-01",1.08,
"USA","LTINT","TOT","PC_PA","M","2021-02",1.26,
"USA","LTINT","TOT","PC_PA","M","2021-03",1.61,
"USA","LTINT","TOT","PC_PA","M","2021-04",1.64,
"USA","LTINT","TOT","PC_PA","M","2021-05",1.62,
"USA","LTINT","TOT","PC_PA","M","2021-06",1.52,
"USA","LTINT","TOT","PC_PA","M","2021-07",1.32,
"USA","LTINT","TOT","PC_PA","M","2021-08",1.28,
"USA","LTINT","TOT","PC_PA","M","2021-09",1.37,
"USA","LTINT","TOT","PC_PA","M","2021-10",1.58,
"USA","LTINT","TOT","PC_PA","M","2021-11",1.56,
"USA","LTINT","TOT","PC_PA","M","2021-12",1.47,
"USA","LTINT","TOT","PC_PA","M","2022-01",1.76,
"USA","LTINT","TOT","PC_PA","M","2022-02",1.93,
"USA","LTINT","TOT","PC_PA","M","2022-03",2.13,
"USA","LTINT","TOT","PC_PA","M","2022-04",2.75,
"USA","LTINT","TOT","PC_PA","M","2022-05",2.9,
"USA","LTINT","TOT","PC_PA","M","2022-06",3.14,
"USA","LTINT","TOT","PC_PA","M","2022-07",2.9,
"USA","LTINT","TOT","PC_PA","M","2022-08",2.9,
"USA","LTINT","TOT","PC_PA","M","2022-09",3.52,
"USA","LTINT","TOT","PC_PA","M","2022-10",3.98,
"USA","LTINT","TOT","PC_PA","M","2022-11",3.89,
"USA","LTINT","TOT","PC_PA","M","2022-12",3.62,
"USA","LTINT","TOT","PC_PA","M","2023-01",3.53,
"USA","LTINT","TOT","PC_PA","M","2023-02",3.75,
"USA","LTINT","TOT","PC_PA","M","2023-03",3.66,
"GBR","LTINT","TOT","PC_PA","M","2007-01",4.8694,
"GBR","LTINT","TOT","PC_PA","M","2007-02",4.896,
"GBR","LTINT","TOT","PC_PA","M","2007-03",4.8194,
"GBR","LTINT","TOT","PC_PA","M","2007-04",5.0439,
"GBR","LTINT","TOT","PC_PA","M","2007-05",5.1458,
"GBR","LTINT","TOT","PC_PA","M","2007-06",5.4321,
"GBR","LTINT","TOT","PC_PA","M","2007-07",5.4084,
"GBR","LTINT","TOT","PC_PA","M","2007-08",5.1499,
"GBR","LTINT","TOT","PC_PA","M","2007-09",4.9928,
"GBR","LTINT","TOT","PC_PA","M","2007-10",4.9576,
"GBR","LTINT","TOT","PC_PA","M","2007-11",4.7263,
"GBR","LTINT","TOT","PC_PA","M","2007-12",4.6937,
"GBR","LTINT","TOT","PC_PA","M","2008-01",4.4925,
"GBR","LTINT","TOT","PC_PA","M","2008-02",4.6234,
"GBR","LTINT","TOT","PC_PA","M","2008-03",4.445,
"GBR","LTINT","TOT","PC_PA","M","2008-04",4.6432,
"GBR","LTINT","TOT","PC_PA","M","2008-05",4.8683,
"GBR","LTINT","TOT","PC_PA","M","2008-06",5.2103,
"GBR","LTINT","TOT","PC_PA","M","2008-07",5.0494,
"GBR","LTINT","TOT","PC_PA","M","2008-08",4.7267,
"GBR","LTINT","TOT","PC_PA","M","2008-09",4.5701,
"GBR","LTINT","TOT","PC_PA","M","2008-10",4.5789,
"GBR","LTINT","TOT","PC_PA","M","2008-11",4.2571,
"GBR","LTINT","TOT","PC_PA","M","2008-12",3.6238,
"GBR","LTINT","TOT","PC_PA","M","2009-01",3.6699,
"GBR","LTINT","TOT","PC_PA","M","2009-02",3.6899,
"GBR","LTINT","TOT","PC_PA","M","2009-03",3.2497,
"GBR","LTINT","TOT","PC_PA","M","2009-04",3.4072,
"GBR","LTINT","TOT","PC_PA","M","2009-05",3.6206,
"GBR","LTINT","TOT","PC_PA","M","2009-06",3.7221,
"GBR","LTINT","TOT","PC_PA","M","2009-07",3.8238,
"GBR","LTINT","TOT","PC_PA","M","2009-08",3.7142,
"GBR","LTINT","TOT","PC_PA","M","2009-09",3.6566,
"GBR","LTINT","TOT","PC_PA","M","2009-10",3.5699,
"GBR","LTINT","TOT","PC_PA","M","2009-11",3.7592,
"GBR","LTINT","TOT","PC_PA","M","2009-12",3.8871,
"GBR","LTINT","TOT","PC_PA","M","2010-01",4.0025,
"GBR","LTINT","TOT","PC_PA","M","2010-02",4.0624,
"GBR","LTINT","TOT","PC_PA","M","2010-03",4.0915,
"GBR","LTINT","TOT","PC_PA","M","2010-04",4.1007,
"GBR","LTINT","TOT","PC_PA","M","2010-05",3.7772,
"GBR","LTINT","TOT","PC_PA","M","2010-06",3.6007,
"GBR","LTINT","TOT","PC_PA","M","2010-07",3.5087,
"GBR","LTINT","TOT","PC_PA","M","2010-08",3.233,
"GBR","LTINT","TOT","PC_PA","M","2010-09",3.1271,
"GBR","LTINT","TOT","PC_PA","M","2010-10",3.0685,
"GBR","LTINT","TOT","PC_PA","M","2010-11",3.311,
"GBR","LTINT","TOT","PC_PA","M","2010-12",3.6098,
"GBR","LTINT","TOT","PC_PA","M","2011-01",3.7273,
"GBR","LTINT","TOT","PC_PA","M","2011-02",3.8799,
"GBR","LTINT","TOT","PC_PA","M","2011-03",3.7386,
"GBR","LTINT","TOT","PC_PA","M","2011-04",3.7619,
"GBR","LTINT","TOT","PC_PA","M","2011-05",3.5053,
"GBR","LTINT","TOT","PC_PA","M","2011-06",3.4144,
"GBR","LTINT","TOT","PC_PA","M","2011-07",3.3137,
"GBR","LTINT","TOT","PC_PA","M","2011-08",2.7833,
"GBR","LTINT","TOT","PC_PA","M","2011-09",2.504,
"GBR","LTINT","TOT","PC_PA","M","2011-10",2.529,
"GBR","LTINT","TOT","PC_PA","M","2011-11",2.2917,
"GBR","LTINT","TOT","PC_PA","M","2011-12",2.1828,
"GBR","LTINT","TOT","PC_PA","M","2012-01",2.1104,
"GBR","LTINT","TOT","PC_PA","M","2012-02",2.2191,
"GBR","LTINT","TOT","PC_PA","M","2012-03",2.323,
"GBR","LTINT","TOT","PC_PA","M","2012-04",2.2117,
"GBR","LTINT","TOT","PC_PA","M","2012-05",1.9416,
"GBR","LTINT","TOT","PC_PA","M","2012-06",1.7698,
"GBR","LTINT","TOT","PC_PA","M","2012-07",1.6523,
"GBR","LTINT","TOT","PC_PA","M","2012-08",1.6735,
"GBR","LTINT","TOT","PC_PA","M","2012-09",1.7222,
"GBR","LTINT","TOT","PC_PA","M","2012-10",1.7721,
"GBR","LTINT","TOT","PC_PA","M","2012-11",1.7741,
"GBR","LTINT","TOT","PC_PA","M","2012-12",1.8467,
"GBR","LTINT","TOT","PC_PA","M","2013-01",2.0795,
"GBR","LTINT","TOT","PC_PA","M","2013-02",2.1781,
"GBR","LTINT","TOT","PC_PA","M","2013-03",1.9768,
"GBR","LTINT","TOT","PC_PA","M","2013-04",1.7824,
"GBR","LTINT","TOT","PC_PA","M","2013-05",1.9462,
"GBR","LTINT","TOT","PC_PA","M","2013-06",2.3063,
"GBR","LTINT","TOT","PC_PA","M","2013-07",2.471,
"GBR","LTINT","TOT","PC_PA","M","2013-08",2.7088,
"GBR","LTINT","TOT","PC_PA","M","2013-09",2.8443,
"GBR","LTINT","TOT","PC_PA","M","2013-10",2.6784,
"GBR","LTINT","TOT","PC_PA","M","2013-11",2.7598,
"GBR","LTINT","TOT","PC_PA","M","2013-12",2.9458,
"GBR","LTINT","TOT","PC_PA","M","2014-01",2.91,
"GBR","LTINT","TOT","PC_PA","M","2014-02",2.8147,
"GBR","LTINT","TOT","PC_PA","M","2014-03",2.7837,
"GBR","LTINT","TOT","PC_PA","M","2014-04",2.7417,
"GBR","LTINT","TOT","PC_PA","M","2014-05",2.6989,
"GBR","LTINT","TOT","PC_PA","M","2014-06",2.7842,
"GBR","LTINT","TOT","PC_PA","M","2014-07",2.7343,
"GBR","LTINT","TOT","PC_PA","M","2014-08",2.5347,
"GBR","LTINT","TOT","PC_PA","M","2014-09",2.4919,
"GBR","LTINT","TOT","PC_PA","M","2014-10",2.2469,
"GBR","LTINT","TOT","PC_PA","M","2014-11",2.1593,
"GBR","LTINT","TOT","PC_PA","M","2014-12",1.9287,
"GBR","LTINT","TOT","PC_PA","M","2015-01",1.589,
"GBR","LTINT","TOT","PC_PA","M","2015-02",1.7365,
"GBR","LTINT","TOT","PC_PA","M","2015-03",1.7941,
"GBR","LTINT","TOT","PC_PA","M","2015-04",1.755,
"GBR","LTINT","TOT","PC_PA","M","2015-05",2.0243,
"GBR","LTINT","TOT","PC_PA","M","2015-06",2.1696,
"GBR","LTINT","TOT","PC_PA","M","2015-07",2.1353,
"GBR","LTINT","TOT","PC_PA","M","2015-08",1.9799,
"GBR","LTINT","TOT","PC_PA","M","2015-09",1.8814,
"GBR","LTINT","TOT","PC_PA","M","2015-10",1.846,
"GBR","LTINT","TOT","PC_PA","M","2015-11",1.9779,
"GBR","LTINT","TOT","PC_PA","M","2015-12",1.9234,
"GBR","LTINT","TOT","PC_PA","M","2016-01",1.7833,
"GBR","LTINT","TOT","PC_PA","M","2016-02",1.5032,
"GBR","LTINT","TOT","PC_PA","M","2016-03",1.5434,
"GBR","LTINT","TOT","PC_PA","M","2016-04",1.5688,
"GBR","LTINT","TOT","PC_PA","M","2016-05",1.5366,
"GBR","LTINT","TOT","PC_PA","M","2016-06",1.3105,
"GBR","LTINT","TOT","PC_PA","M","2016-07",0.9569,
"GBR","LTINT","TOT","PC_PA","M","2016-08",0.7421,
"GBR","LTINT","TOT","PC_PA","M","2016-09",0.8243,
"GBR","LTINT","TOT","PC_PA","M","2016-10",1.078,
"GBR","LTINT","TOT","PC_PA","M","2016-11",1.3818,
"GBR","LTINT","TOT","PC_PA","M","2016-12",1.4336,
"GBR","LTINT","TOT","PC_PA","M","2017-01",1.4203,
"GBR","LTINT","TOT","PC_PA","M","2017-02",1.3058,
"GBR","LTINT","TOT","PC_PA","M","2017-03",1.194,
"GBR","LTINT","TOT","PC_PA","M","2017-04",1.0789,
"GBR","LTINT","TOT","PC_PA","M","2017-05",1.1175,
"GBR","LTINT","TOT","PC_PA","M","2017-06",1.0846,
"GBR","LTINT","TOT","PC_PA","M","2017-07",1.2713,
"GBR","LTINT","TOT","PC_PA","M","2017-08",1.1241,
"GBR","LTINT","TOT","PC_PA","M","2017-09",1.2436,
"GBR","LTINT","TOT","PC_PA","M","2017-10",1.3816,
"GBR","LTINT","TOT","PC_PA","M","2017-11",1.3299,
"GBR","LTINT","TOT","PC_PA","M","2017-12",1.2781,
"GBR","LTINT","TOT","PC_PA","M","2018-01",1.3931,
"GBR","LTINT","TOT","PC_PA","M","2018-02",1.6034,
"GBR","LTINT","TOT","PC_PA","M","2018-03",1.508,
"GBR","LTINT","TOT","PC_PA","M","2018-04",1.5108,
"GBR","LTINT","TOT","PC_PA","M","2018-05",1.5016,
"GBR","LTINT","TOT","PC_PA","M","2018-06",1.4229,
"GBR","LTINT","TOT","PC_PA","M","2018-07",1.3739,
"GBR","LTINT","TOT","PC_PA","M","2018-08",1.3991,
"GBR","LTINT","TOT","PC_PA","M","2018-09",1.5023,
"GBR","LTINT","TOT","PC_PA","M","2018-10",1.5462,
"GBR","LTINT","TOT","PC_PA","M","2018-11",1.4541,
"GBR","LTINT","TOT","PC_PA","M","2018-12",1.3125,
"GBR","LTINT","TOT","PC_PA","M","2019-01",1.3221,
"GBR","LTINT","TOT","PC_PA","M","2019-02",1.239,
"GBR","LTINT","TOT","PC_PA","M","2019-03",1.19,
"GBR","LTINT","TOT","PC_PA","M","2019-04",1.1906,
"GBR","LTINT","TOT","PC_PA","M","2019-05",1.13,
"GBR","LTINT","TOT","PC_PA","M","2019-06",0.919,
"GBR","LTINT","TOT","PC_PA","M","2019-07",0.8304,
"GBR","LTINT","TOT","PC_PA","M","2019-08",0.5776,
"GBR","LTINT","TOT","PC_PA","M","2019-09",0.5981,
"GBR","LTINT","TOT","PC_PA","M","2019-10",0.6373,
"GBR","LTINT","TOT","PC_PA","M","2019-11",0.765,
"GBR","LTINT","TOT","PC_PA","M","2019-12",0.8308,
"GBR","LTINT","TOT","PC_PA","M","2020-01",0.7235,
"GBR","LTINT","TOT","PC_PA","M","2020-02",0.633,
"GBR","LTINT","TOT","PC_PA","M","2020-03",0.4609,
"GBR","LTINT","TOT","PC_PA","M","2020-04",0.3577,
"GBR","LTINT","TOT","PC_PA","M","2020-05",0.2743,
"GBR","LTINT","TOT","PC_PA","M","2020-06",0.278,
"GBR","LTINT","TOT","PC_PA","M","2020-07",0.2094,
"GBR","LTINT","TOT","PC_PA","M","2020-08",0.2717,
"GBR","LTINT","TOT","PC_PA","M","2020-09",0.273,
"GBR","LTINT","TOT","PC_PA","M","2020-10",0.3058,
"GBR","LTINT","TOT","PC_PA","M","2020-11",0.3836,
"GBR","LTINT","TOT","PC_PA","M","2020-12",0.3224,
"GBR","LTINT","TOT","PC_PA","M","2021-01",0.3672,
"GBR","LTINT","TOT","PC_PA","M","2021-02",0.6222,
"GBR","LTINT","TOT","PC_PA","M","2021-03",0.8456,
"GBR","LTINT","TOT","PC_PA","M","2021-04",0.8515,
"GBR","LTINT","TOT","PC_PA","M","2021-05",0.9058,
"GBR","LTINT","TOT","PC_PA","M","2021-06",0.8549,
"GBR","LTINT","TOT","PC_PA","M","2021-07",0.6979,
"GBR","LTINT","TOT","PC_PA","M","2021-08",0.644,
"GBR","LTINT","TOT","PC_PA","M","2021-09",0.8023,
"GBR","LTINT","TOT","PC_PA","M","2021-10",1.083,
"GBR","LTINT","TOT","PC_PA","M","2021-11",0.9394,
"GBR","LTINT","TOT","PC_PA","M","2021-12",0.8375,
"GBR","LTINT","TOT","PC_PA","M","2022-01",1.2051,
"GBR","LTINT","TOT","PC_PA","M","2022-02",1.4891,
"GBR","LTINT","TOT","PC_PA","M","2022-03",1.5457,
"GBR","LTINT","TOT","PC_PA","M","2022-04",1.8362,
"GBR","LTINT","TOT","PC_PA","M","2022-05",1.9069,
"GBR","LTINT","TOT","PC_PA","M","2022-06",2.3824,
"GBR","LTINT","TOT","PC_PA","M","2022-07",2.1454,
"GBR","LTINT","TOT","PC_PA","M","2022-08",2.3278,
"GBR","LTINT","TOT","PC_PA","M","2022-09",3.5007,
"GBR","LTINT","TOT","PC_PA","M","2022-10",4.1096,
"GBR","LTINT","TOT","PC_PA","M","2022-11",3.4171,
"GBR","LTINT","TOT","PC_PA","M","2022-12",3.5015,
"GBR","LTINT","TOT","PC_PA","M","2023-01",3.5115,
"GBR","LTINT","TOT","PC_PA","M","2023-02",3.5553,
"GBR","LTINT","TOT","PC_PA","M","2023-03",3.5638,
"JPN","LTINT","TOT","PC_PA","M","2007-01",1.705,
"JPN","LTINT","TOT","PC_PA","M","2007-02",1.64,
"JPN","LTINT","TOT","PC_PA","M","2007-03",1.629,
"JPN","LTINT","TOT","PC_PA","M","2007-04",1.653,
"JPN","LTINT","TOT","PC_PA","M","2007-05",1.733,
"JPN","LTINT","TOT","PC_PA","M","2007-06",1.903,
"JPN","LTINT","TOT","PC_PA","M","2007-07",1.809,
"JPN","LTINT","TOT","PC_PA","M","2007-08",1.577,
"JPN","LTINT","TOT","PC_PA","M","2007-09",1.698,
"JPN","LTINT","TOT","PC_PA","M","2007-10",1.616,
"JPN","LTINT","TOT","PC_PA","M","2007-11",1.497,
"JPN","LTINT","TOT","PC_PA","M","2007-12",1.526,
"JPN","LTINT","TOT","PC_PA","M","2008-01",1.429,
"JPN","LTINT","TOT","PC_PA","M","2008-02",1.429,
"JPN","LTINT","TOT","PC_PA","M","2008-03",1.245,
"JPN","LTINT","TOT","PC_PA","M","2008-04",1.6,
"JPN","LTINT","TOT","PC_PA","M","2008-05",1.778,
"JPN","LTINT","TOT","PC_PA","M","2008-06",1.601,
"JPN","LTINT","TOT","PC_PA","M","2008-07",1.537,
"JPN","LTINT","TOT","PC_PA","M","2008-08",1.431,
"JPN","LTINT","TOT","PC_PA","M","2008-09",1.481,
"JPN","LTINT","TOT","PC_PA","M","2008-10",1.486,
"JPN","LTINT","TOT","PC_PA","M","2008-11",1.377,
"JPN","LTINT","TOT","PC_PA","M","2008-12",1.214,
"JPN","LTINT","TOT","PC_PA","M","2009-01",1.272,
"JPN","LTINT","TOT","PC_PA","M","2009-02",1.277,
"JPN","LTINT","TOT","PC_PA","M","2009-03",1.323,
"JPN","LTINT","TOT","PC_PA","M","2009-04",1.402,
"JPN","LTINT","TOT","PC_PA","M","2009-05",1.481,
"JPN","LTINT","TOT","PC_PA","M","2009-06",1.363,
"JPN","LTINT","TOT","PC_PA","M","2009-07",1.386,
"JPN","LTINT","TOT","PC_PA","M","2009-08",1.314,
"JPN","LTINT","TOT","PC_PA","M","2009-09",1.258,
"JPN","LTINT","TOT","PC_PA","M","2009-10",1.404,
"JPN","LTINT","TOT","PC_PA","M","2009-11",1.253,
"JPN","LTINT","TOT","PC_PA","M","2009-12",1.272,
"JPN","LTINT","TOT","PC_PA","M","2010-01",1.308,
"JPN","LTINT","TOT","PC_PA","M","2010-02",1.295,
"JPN","LTINT","TOT","PC_PA","M","2010-03",1.361,
"JPN","LTINT","TOT","PC_PA","M","2010-04",1.286,
"JPN","LTINT","TOT","PC_PA","M","2010-05",1.257,
"JPN","LTINT","TOT","PC_PA","M","2010-06",1.08,
"JPN","LTINT","TOT","PC_PA","M","2010-07",1.075,
"JPN","LTINT","TOT","PC_PA","M","2010-08",1.023,
"JPN","LTINT","TOT","PC_PA","M","2010-09",0.898,
"JPN","LTINT","TOT","PC_PA","M","2010-10",0.903,
"JPN","LTINT","TOT","PC_PA","M","2010-11",1.161,
"JPN","LTINT","TOT","PC_PA","M","2010-12",1.133,
"JPN","LTINT","TOT","PC_PA","M","2011-01",1.213,
"JPN","LTINT","TOT","PC_PA","M","2011-02",1.241,
"JPN","LTINT","TOT","PC_PA","M","2011-03",1.214,
"JPN","LTINT","TOT","PC_PA","M","2011-04",1.215,
"JPN","LTINT","TOT","PC_PA","M","2011-05",1.118,
"JPN","LTINT","TOT","PC_PA","M","2011-06",1.084,
"JPN","LTINT","TOT","PC_PA","M","2011-07",1.075,
"JPN","LTINT","TOT","PC_PA","M","2011-08",1.023,
"JPN","LTINT","TOT","PC_PA","M","2011-09",0.975,
"JPN","LTINT","TOT","PC_PA","M","2011-10",1.038,
"JPN","LTINT","TOT","PC_PA","M","2011-11",1.062,
"JPN","LTINT","TOT","PC_PA","M","2011-12",0.971,
"JPN","LTINT","TOT","PC_PA","M","2012-01",0.959,
"JPN","LTINT","TOT","PC_PA","M","2012-02",0.962,
"JPN","LTINT","TOT","PC_PA","M","2012-03",0.966,
"JPN","LTINT","TOT","PC_PA","M","2012-04",0.914,
"JPN","LTINT","TOT","PC_PA","M","2012-05",0.846,
"JPN","LTINT","TOT","PC_PA","M","2012-06",0.789,
"JPN","LTINT","TOT","PC_PA","M","2012-07",0.78,
"JPN","LTINT","TOT","PC_PA","M","2012-08",0.8,
"JPN","LTINT","TOT","PC_PA","M","2012-09",0.757,
"JPN","LTINT","TOT","PC_PA","M","2012-10",0.76,
"JPN","LTINT","TOT","PC_PA","M","2012-11",0.713,
"JPN","LTINT","TOT","PC_PA","M","2012-12",0.781,
"JPN","LTINT","TOT","PC_PA","M","2013-01",0.775,
"JPN","LTINT","TOT","PC_PA","M","2013-02",0.669,
"JPN","LTINT","TOT","PC_PA","M","2013-03",0.492,
"JPN","LTINT","TOT","PC_PA","M","2013-04",0.589,
"JPN","LTINT","TOT","PC_PA","M","2013-05",0.879,
"JPN","LTINT","TOT","PC_PA","M","2013-06",0.822,
"JPN","LTINT","TOT","PC_PA","M","2013-07",0.79,
"JPN","LTINT","TOT","PC_PA","M","2013-08",0.708,
"JPN","LTINT","TOT","PC_PA","M","2013-09",0.669,
"JPN","LTINT","TOT","PC_PA","M","2013-10",0.59,
"JPN","LTINT","TOT","PC_PA","M","2013-11",0.605,
"JPN","LTINT","TOT","PC_PA","M","2013-12",0.688,
"JPN","LTINT","TOT","PC_PA","M","2014-01",0.614,
"JPN","LTINT","TOT","PC_PA","M","2014-02",0.586,
"JPN","LTINT","TOT","PC_PA","M","2014-03",0.605,
"JPN","LTINT","TOT","PC_PA","M","2014-04",0.61,
"JPN","LTINT","TOT","PC_PA","M","2014-05",0.566,
"JPN","LTINT","TOT","PC_PA","M","2014-06",0.536,
"JPN","LTINT","TOT","PC_PA","M","2014-07",0.527,
"JPN","LTINT","TOT","PC_PA","M","2014-08",0.488,
"JPN","LTINT","TOT","PC_PA","M","2014-09",0.497,
"JPN","LTINT","TOT","PC_PA","M","2014-10",0.465,
"JPN","LTINT","TOT","PC_PA","M","2014-11",0.42,
"JPN","LTINT","TOT","PC_PA","M","2014-12",0.33,
"JPN","LTINT","TOT","PC_PA","M","2015-01",0.275,
"JPN","LTINT","TOT","PC_PA","M","2015-02",0.33,
"JPN","LTINT","TOT","PC_PA","M","2015-03",0.4,
"JPN","LTINT","TOT","PC_PA","M","2015-04",0.34,
"JPN","LTINT","TOT","PC_PA","M","2015-05",0.39,
"JPN","LTINT","TOT","PC_PA","M","2015-06",0.455,
"JPN","LTINT","TOT","PC_PA","M","2015-07",0.41,
"JPN","LTINT","TOT","PC_PA","M","2015-08",0.38,
"JPN","LTINT","TOT","PC_PA","M","2015-09",0.35,
"JPN","LTINT","TOT","PC_PA","M","2015-10",0.3,
"JPN","LTINT","TOT","PC_PA","M","2015-11",0.3,
"JPN","LTINT","TOT","PC_PA","M","2015-12",0.27,
"JPN","LTINT","TOT","PC_PA","M","2016-01",0.095,
"JPN","LTINT","TOT","PC_PA","M","2016-02",-0.065,
"JPN","LTINT","TOT","PC_PA","M","2016-03",-0.05,
"JPN","LTINT","TOT","PC_PA","M","2016-04",-0.085,
"JPN","LTINT","TOT","PC_PA","M","2016-05",-0.12,
"JPN","LTINT","TOT","PC_PA","M","2016-06",-0.23,
"JPN","LTINT","TOT","PC_PA","M","2016-07",-0.195,
"JPN","LTINT","TOT","PC_PA","M","2016-08",-0.07,
"JPN","LTINT","TOT","PC_PA","M","2016-09",-0.085,
"JPN","LTINT","TOT","PC_PA","M","2016-10",-0.05,
"JPN","LTINT","TOT","PC_PA","M","2016-11",0.02,
"JPN","LTINT","TOT","PC_PA","M","2016-12",0.04,
"JPN","LTINT","TOT","PC_PA","M","2017-01",0.085,
"JPN","LTINT","TOT","PC_PA","M","2017-02",0.05,
"JPN","LTINT","TOT","PC_PA","M","2017-03",0.065,
"JPN","LTINT","TOT","PC_PA","M","2017-04",0.015,
"JPN","LTINT","TOT","PC_PA","M","2017-05",0.04,
"JPN","LTINT","TOT","PC_PA","M","2017-06",0.075,
"JPN","LTINT","TOT","PC_PA","M","2017-07",0.075,
"JPN","LTINT","TOT","PC_PA","M","2017-08",0.01,
"JPN","LTINT","TOT","PC_PA","M","2017-09",0.06,
"JPN","LTINT","TOT","PC_PA","M","2017-10",0.065,
"JPN","LTINT","TOT","PC_PA","M","2017-11",0.035,
"JPN","LTINT","TOT","PC_PA","M","2017-12",0.045,
"JPN","LTINT","TOT","PC_PA","M","2018-01",0.08,
"JPN","LTINT","TOT","PC_PA","M","2018-02",0.045,
"JPN","LTINT","TOT","PC_PA","M","2018-03",0.045,
"JPN","LTINT","TOT","PC_PA","M","2018-04",0.05,
"JPN","LTINT","TOT","PC_PA","M","2018-05",0.03,
"JPN","LTINT","TOT","PC_PA","M","2018-06",0.03,
"JPN","LTINT","TOT","PC_PA","M","2018-07",0.06,
"JPN","LTINT","TOT","PC_PA","M","2018-08",0.11,
"JPN","LTINT","TOT","PC_PA","M","2018-09",0.125,
"JPN","LTINT","TOT","PC_PA","M","2018-10",0.13,
"JPN","LTINT","TOT","PC_PA","M","2018-11",0.085,
"JPN","LTINT","TOT","PC_PA","M","2018-12",-0.01,
"JPN","LTINT","TOT","PC_PA","M","2019-01",0,
"JPN","LTINT","TOT","PC_PA","M","2019-02",-0.015,
"JPN","LTINT","TOT","PC_PA","M","2019-03",-0.095,
"JPN","LTINT","TOT","PC_PA","M","2019-04",-0.045,
"JPN","LTINT","TOT","PC_PA","M","2019-05",-0.095,
"JPN","LTINT","TOT","PC_PA","M","2019-06",-0.165,
"JPN","LTINT","TOT","PC_PA","M","2019-07",-0.16,
"JPN","LTINT","TOT","PC_PA","M","2019-08",-0.28,
"JPN","LTINT","TOT","PC_PA","M","2019-09",-0.215,
"JPN","LTINT","TOT","PC_PA","M","2019-10",-0.15,
"JPN","LTINT","TOT","PC_PA","M","2019-11",-0.08,
"JPN","LTINT","TOT","PC_PA","M","2019-12",-0.025,
"JPN","LTINT","TOT","PC_PA","M","2020-01",-0.065,
"JPN","LTINT","TOT","PC_PA","M","2020-02",-0.155,
"JPN","LTINT","TOT","PC_PA","M","2020-03",0.005,
"JPN","LTINT","TOT","PC_PA","M","2020-04",-0.04,
"JPN","LTINT","TOT","PC_PA","M","2020-05",0,
"JPN","LTINT","TOT","PC_PA","M","2020-06",0.03,
"JPN","LTINT","TOT","PC_PA","M","2020-07",0.01,
"JPN","LTINT","TOT","PC_PA","M","2020-08",0.045,
"JPN","LTINT","TOT","PC_PA","M","2020-09",0.015,
"JPN","LTINT","TOT","PC_PA","M","2020-10",0.04,
"JPN","LTINT","TOT","PC_PA","M","2020-11",0.03,
"JPN","LTINT","TOT","PC_PA","M","2020-12",0.02,
"JPN","LTINT","TOT","PC_PA","M","2021-01",0.055,
"JPN","LTINT","TOT","PC_PA","M","2021-02",0.15,
"JPN","LTINT","TOT","PC_PA","M","2021-03",0.12,
"JPN","LTINT","TOT","PC_PA","M","2021-04",0.09,
"JPN","LTINT","TOT","PC_PA","M","2021-05",0.08,
"JPN","LTINT","TOT","PC_PA","M","2021-06",0.05,
"JPN","LTINT","TOT","PC_PA","M","2021-07",0.015,
"JPN","LTINT","TOT","PC_PA","M","2021-08",0.02,
"JPN","LTINT","TOT","PC_PA","M","2021-09",0.065,
"JPN","LTINT","TOT","PC_PA","M","2021-10",0.095,
"JPN","LTINT","TOT","PC_PA","M","2021-11",0.05,
"JPN","LTINT","TOT","PC_PA","M","2021-12",0.07,
"JPN","LTINT","TOT","PC_PA","M","2022-01",0.17,
"JPN","LTINT","TOT","PC_PA","M","2022-02",0.18,
"JPN","LTINT","TOT","PC_PA","M","2022-03",0.21,
"JPN","LTINT","TOT","PC_PA","M","2022-04",0.215,
"JPN","LTINT","TOT","PC_PA","M","2022-05",0.235,
"JPN","LTINT","TOT","PC_PA","M","2022-06",0.225,
"JPN","LTINT","TOT","PC_PA","M","2022-07",0.18,
"JPN","LTINT","TOT","PC_PA","M","2022-08",0.22,
"JPN","LTINT","TOT","PC_PA","M","2022-09",0.24,
"JPN","LTINT","TOT","PC_PA","M","2022-10",0.245,
"JPN","LTINT","TOT","PC_PA","M","2022-11",0.25,
"JPN","LTINT","TOT","PC_PA","M","2022-12",0.41,
"JPN","LTINT","TOT","PC_PA","M","2023-01",0.49,
"JPN","LTINT","TOT","PC_PA","M","2023-02",0.5,
"JPN","LTINT","TOT","PC_PA","M","2023-03",0.32,
"BRA","LTINT","TOT","PC_PA","M","2007-01",6.5,
"BRA","LTINT","TOT","PC_PA","M","2007-02",6.5,
"BRA","LTINT","TOT","PC_PA","M","2007-03",6.5,
"BRA","LTINT","TOT","PC_PA","M","2007-04",6.5,
"BRA","LTINT","TOT","PC_PA","M","2007-05",6.5,
"BRA","LTINT","TOT","PC_PA","M","2007-06",6.5,
"BRA","LTINT","TOT","PC_PA","M","2007-07",6.25,
"BRA","LTINT","TOT","PC_PA","M","2007-08",6.25,
"BRA","LTINT","TOT","PC_PA","M","2007-09",6.25,
"BRA","LTINT","TOT","PC_PA","M","2007-10",6.25,
"BRA","LTINT","TOT","PC_PA","M","2007-11",6.25,
"BRA","LTINT","TOT","PC_PA","M","2007-12",6.25,
"BRA","LTINT","TOT","PC_PA","M","2008-01",6.25,
"BRA","LTINT","TOT","PC_PA","M","2008-02",6.25,
"BRA","LTINT","TOT","PC_PA","M","2008-03",6.25,
"BRA","LTINT","TOT","PC_PA","M","2008-04",6.25,
"BRA","LTINT","TOT","PC_PA","M","2008-05",6.25,
"BRA","LTINT","TOT","PC_PA","M","2008-06",6.25,
"BRA","LTINT","TOT","PC_PA","M","2008-07",6.25,
"BRA","LTINT","TOT","PC_PA","M","2008-08",6.25,
"BRA","LTINT","TOT","PC_PA","M","2008-09",6.25,
"BRA","LTINT","TOT","PC_PA","M","2008-10",6.25,
"BRA","LTINT","TOT","PC_PA","M","2008-11",6.25,
"BRA","LTINT","TOT","PC_PA","M","2008-12",6.25,
"BRA","LTINT","TOT","PC_PA","M","2009-01",6.25,
"BRA","LTINT","TOT","PC_PA","M","2009-02",6.25,
"BRA","LTINT","TOT","PC_PA","M","2009-03",6.25,
"BRA","LTINT","TOT","PC_PA","M","2009-04",6.25,
"BRA","LTINT","TOT","PC_PA","M","2009-05",6.25,
"BRA","LTINT","TOT","PC_PA","M","2009-06",6.25,
"BRA","LTINT","TOT","PC_PA","M","2009-07",6,
"BRA","LTINT","TOT","PC_PA","M","2009-08",6,
"BRA","LTINT","TOT","PC_PA","M","2009-09",6,
"BRA","LTINT","TOT","PC_PA","M","2009-10",6,
"BRA","LTINT","TOT","PC_PA","M","2009-11",6,
"BRA","LTINT","TOT","PC_PA","M","2009-12",6,
"BRA","LTINT","TOT","PC_PA","M","2010-01",6,
"BRA","LTINT","TOT","PC_PA","M","2010-02",6,
"BRA","LTINT","TOT","PC_PA","M","2010-03",6,
"BRA","LTINT","TOT","PC_PA","M","2010-04",6,
"BRA","LTINT","TOT","PC_PA","M","2010-05",6,
"BRA","LTINT","TOT","PC_PA","M","2010-06",6,
"BRA","LTINT","TOT","PC_PA","M","2010-07",6,
"BRA","LTINT","TOT","PC_PA","M","2010-08",6,
"BRA","LTINT","TOT","PC_PA","M","2010-09",6,
"BRA","LTINT","TOT","PC_PA","M","2010-10",6,
"BRA","LTINT","TOT","PC_PA","M","2010-11",6,
"BRA","LTINT","TOT","PC_PA","M","2010-12",6,
"BRA","LTINT","TOT","PC_PA","M","2011-01",6,
"BRA","LTINT","TOT","PC_PA","M","2011-02",6,
"BRA","LTINT","TOT","PC_PA","M","2011-03",6,
"BRA","LTINT","TOT","PC_PA","M","2011-04",6,
"BRA","LTINT","TOT","PC_PA","M","2011-05",6,
"BRA","LTINT","TOT","PC_PA","M","2011-06",6,
"BRA","LTINT","TOT","PC_PA","M","2011-07",6,
"BRA","LTINT","TOT","PC_PA","M","2011-08",6,
"BRA","LTINT","TOT","PC_PA","M","2011-09",6,
"BRA","LTINT","TOT","PC_PA","M","2011-10",6,
"BRA","LTINT","TOT","PC_PA","M","2011-11",6,
"BRA","LTINT","TOT","PC_PA","M","2011-12",6,
"BRA","LTINT","TOT","PC_PA","M","2012-01",6,
"BRA","LTINT","TOT","PC_PA","M","2012-02",6,
"BRA","LTINT","TOT","PC_PA","M","2012-03",6,
"BRA","LTINT","TOT","PC_PA","M","2012-04",6,
"BRA","LTINT","TOT","PC_PA","M","2012-05",6,
"BRA","LTINT","TOT","PC_PA","M","2012-06",6,
"BRA","LTINT","TOT","PC_PA","M","2012-07",5.5,
"BRA","LTINT","TOT","PC_PA","M","2012-08",5.5,
"BRA","LTINT","TOT","PC_PA","M","2012-09",5.5,
"BRA","LTINT","TOT","PC_PA","M","2012-10",5.5,
"BRA","LTINT","TOT","PC_PA","M","2012-11",5.5,
"BRA","LTINT","TOT","PC_PA","M","2012-12",5.5,
"BRA","LTINT","TOT","PC_PA","M","2013-01",5,
"BRA","LTINT","TOT","PC_PA","M","2013-02",5,
"BRA","LTINT","TOT","PC_PA","M","2013-03",5,
"BRA","LTINT","TOT","PC_PA","M","2013-04",5,
"BRA","LTINT","TOT","PC_PA","M","2013-05",5,
"BRA","LTINT","TOT","PC_PA","M","2013-06",5,
"BRA","LTINT","TOT","PC_PA","M","2013-07",5,
"BRA","LTINT","TOT","PC_PA","M","2013-08",5,
"BRA","LTINT","TOT","PC_PA","M","2013-09",5,
"BRA","LTINT","TOT","PC_PA","M","2013-10",5,
"BRA","LTINT","TOT","PC_PA","M","2013-11",5,
"BRA","LTINT","TOT","PC_PA","M","2013-12",5,
"BRA","LTINT","TOT","PC_PA","M","2014-01",5,
"BRA","LTINT","TOT","PC_PA","M","2014-02",5,
"BRA","LTINT","TOT","PC_PA","M","2014-03",5,
"BRA","LTINT","TOT","PC_PA","M","2014-04",5,
"BRA","LTINT","TOT","PC_PA","M","2014-05",5,
"BRA","LTINT","TOT","PC_PA","M","2014-06",5,
"BRA","LTINT","TOT","PC_PA","M","2014-07",5,
"BRA","LTINT","TOT","PC_PA","M","2014-08",5,
"BRA","LTINT","TOT","PC_PA","M","2014-09",5,
"BRA","LTINT","TOT","PC_PA","M","2014-10",5,
"BRA","LTINT","TOT","PC_PA","M","2014-11",5,
"BRA","LTINT","TOT","PC_PA","M","2014-12",5,
"BRA","LTINT","TOT","PC_PA","M","2015-01",5.5,
"BRA","LTINT","TOT","PC_PA","M","2015-02",5.5,
"BRA","LTINT","TOT","PC_PA","M","2015-03",5.5,
"BRA","LTINT","TOT","PC_PA","M","2015-04",6,
"BRA","LTINT","TOT","PC_PA","M","2015-05",6,
"BRA","LTINT","TOT","PC_PA","M","2015-06",6,
"BRA","LTINT","TOT","PC_PA","M","2015-07",6.5,
"BRA","LTINT","TOT","PC_PA","M","2015-08",6.5,
"BRA","LTINT","TOT","PC_PA","M","2015-09",6.5,
"BRA","LTINT","TOT","PC_PA","M","2015-10",7,
"BRA","LTINT","TOT","PC_PA","M","2015-11",7,
"BRA","LTINT","TOT","PC_PA","M","2015-12",7,
"BRA","LTINT","TOT","PC_PA","M","2016-01",7.5,
"BRA","LTINT","TOT","PC_PA","M","2016-02",7.5,
"BRA","LTINT","TOT","PC_PA","M","2016-03",7.5,
"BRA","LTINT","TOT","PC_PA","M","2016-04",7.5,
"BRA","LTINT","TOT","PC_PA","M","2016-05",7.5,
"BRA","LTINT","TOT","PC_PA","M","2016-06",7.5,
"BRA","LTINT","TOT","PC_PA","M","2016-07",7.5,
"BRA","LTINT","TOT","PC_PA","M","2016-08",7.5,
"BRA","LTINT","TOT","PC_PA","M","2016-09",7.5,
"BRA","LTINT","TOT","PC_PA","M","2016-10",7.5,
"BRA","LTINT","TOT","PC_PA","M","2016-11",7.5,
"BRA","LTINT","TOT","PC_PA","M","2016-12",7.5,
"BRA","LTINT","TOT","PC_PA","M","2017-01",7.5,
"BRA","LTINT","TOT","PC_PA","M","2017-02",7.5,
"BRA","LTINT","TOT","PC_PA","M","2017-03",7.5,
"BRA","LTINT","TOT","PC_PA","M","2017-04",7,
"BRA","LTINT","TOT","PC_PA","M","2017-05",7,
"BRA","LTINT","TOT","PC_PA","M","2017-06",7,
"BRA","LTINT","TOT","PC_PA","M","2017-07",7,
"BRA","LTINT","TOT","PC_PA","M","2017-08",7,
"BRA","LTINT","TOT","PC_PA","M","2017-09",7,
"BRA","LTINT","TOT","PC_PA","M","2017-10",7,
"BRA","LTINT","TOT","PC_PA","M","2017-11",7,
"BRA","LTINT","TOT","PC_PA","M","2017-12",7,
"BRA","LTINT","TOT","PC_PA","M","2018-01",6.75,
"BRA","LTINT","TOT","PC_PA","M","2018-02",6.75,
"BRA","LTINT","TOT","PC_PA","M","2018-03",6.75,
"BRA","LTINT","TOT","PC_PA","M","2018-04",6.6,
"BRA","LTINT","TOT","PC_PA","M","2018-05",6.6,
"BRA","LTINT","TOT","PC_PA","M","2018-06",6.6,
"BRA","LTINT","TOT","PC_PA","M","2018-07",6.56,
"BRA","LTINT","TOT","PC_PA","M","2018-08",6.56,
"BRA","LTINT","TOT","PC_PA","M","2018-09",6.56,
"BRA","LTINT","TOT","PC_PA","M","2018-10",6.98,
"BRA","LTINT","TOT","PC_PA","M","2018-11",6.98,
"BRA","LTINT","TOT","PC_PA","M","2018-12",6.98,
"BRA","LTINT","TOT","PC_PA","M","2019-01",7.03,
"BRA","LTINT","TOT","PC_PA","M","2019-02",7.03,
"BRA","LTINT","TOT","PC_PA","M","2019-03",7.03,
"BRA","LTINT","TOT","PC_PA","M","2019-04",6.26,
"BRA","LTINT","TOT","PC_PA","M","2019-05",6.26,
"BRA","LTINT","TOT","PC_PA","M","2019-06",6.26,
"BRA","LTINT","TOT","PC_PA","M","2019-07",5.95,
"BRA","LTINT","TOT","PC_PA","M","2019-08",5.95,
"BRA","LTINT","TOT","PC_PA","M","2019-09",5.95,
"BRA","LTINT","TOT","PC_PA","M","2019-10",5.57,
"BRA","LTINT","TOT","PC_PA","M","2019-11",5.57,
"BRA","LTINT","TOT","PC_PA","M","2019-12",5.57,
"BRA","LTINT","TOT","PC_PA","M","2020-01",5.09,
"BRA","LTINT","TOT","PC_PA","M","2020-02",5.09,
"BRA","LTINT","TOT","PC_PA","M","2020-03",5.09,
"BRA","LTINT","TOT","PC_PA","M","2020-04",4.94,
"BRA","LTINT","TOT","PC_PA","M","2020-05",4.94,
"BRA","LTINT","TOT","PC_PA","M","2020-06",4.94,
"BRA","LTINT","TOT","PC_PA","M","2020-07",4.91,
"BRA","LTINT","TOT","PC_PA","M","2020-08",4.91,
"BRA","LTINT","TOT","PC_PA","M","2020-09",4.91,
"BRA","LTINT","TOT","PC_PA","M","2020-10",4.55,
"BRA","LTINT","TOT","PC_PA","M","2020-11",4.55,
"BRA","LTINT","TOT","PC_PA","M","2020-12",4.55,
"BRA","LTINT","TOT","PC_PA","M","2021-01",4.39,
"BRA","LTINT","TOT","PC_PA","M","2021-02",4.39,
"BRA","LTINT","TOT","PC_PA","M","2021-03",4.39,
"BRA","LTINT","TOT","PC_PA","M","2021-04",4.61,
"BRA","LTINT","TOT","PC_PA","M","2021-05",4.61,
"BRA","LTINT","TOT","PC_PA","M","2021-06",4.61,
"BRA","LTINT","TOT","PC_PA","M","2021-07",4.88,
"BRA","LTINT","TOT","PC_PA","M","2021-08",4.88,
"BRA","LTINT","TOT","PC_PA","M","2021-09",4.88,
"BRA","LTINT","TOT","PC_PA","M","2021-10",5.32,
"BRA","LTINT","TOT","PC_PA","M","2021-11",5.32,
"BRA","LTINT","TOT","PC_PA","M","2021-12",5.32,
"BRA","LTINT","TOT","PC_PA","M","2022-01",6.08,
"BRA","LTINT","TOT","PC_PA","M","2022-02",6.08,
"BRA","LTINT","TOT","PC_PA","M","2022-03",6.08,
"BRA","LTINT","TOT","PC_PA","M","2022-04",6.82,
"BRA","LTINT","TOT","PC_PA","M","2022-05",6.82,
"BRA","LTINT","TOT","PC_PA","M","2022-06",6.82,
"BRA","LTINT","TOT","PC_PA","M","2022-07",7.01,
"BRA","LTINT","TOT","PC_PA","M","2022-08",7.01,
"BRA","LTINT","TOT","PC_PA","M","2022-09",7.01,
"BRA","LTINT","TOT","PC_PA","M","2022-10",7.2,
"BRA","LTINT","TOT","PC_PA","M","2022-11",7.2,
"BRA","LTINT","TOT","PC_PA","M","2022-12",7.2,
"BRA","LTINT","TOT","PC_PA","M","2023-01",7.37,
"BRA","LTINT","TOT","PC_PA","M","2023-02",7.37,
"BRA","LTINT","TOT","PC_PA","M","2023-03",7.37,
"CHN","LTINT","TOT","PC_PA","M","2014-01",4.5019,
"CHN","LTINT","TOT","PC_PA","M","2014-02",4.4276,
"CHN","LTINT","TOT","PC_PA","M","2014-03",4.5004,
"CHN","LTINT","TOT","PC_PA","M","2014-04",4.3002,
"CHN","LTINT","TOT","PC_PA","M","2014-05",4.0714,
"CHN","LTINT","TOT","PC_PA","M","2014-06",4.0612,
"CHN","LTINT","TOT","PC_PA","M","2014-07",4.2655,
"CHN","LTINT","TOT","PC_PA","M","2014-08",4.2361,
"CHN","LTINT","TOT","PC_PA","M","2014-09",3.9824,
"CHN","LTINT","TOT","PC_PA","M","2014-10",3.7559,
"CHN","LTINT","TOT","PC_PA","M","2014-11",3.5249,
"CHN","LTINT","TOT","PC_PA","M","2014-12",3.6219,
"CHN","LTINT","TOT","PC_PA","M","2015-01",3.4966,
"CHN","LTINT","TOT","PC_PA","M","2015-02",3.3602,
"CHN","LTINT","TOT","PC_PA","M","2015-03",3.6483,
"CHN","LTINT","TOT","PC_PA","M","2015-04",3.3503,
"CHN","LTINT","TOT","PC_PA","M","2015-05",3.5954,
"CHN","LTINT","TOT","PC_PA","M","2015-06",3.5976,
"CHN","LTINT","TOT","PC_PA","M","2015-07",3.4752,
"CHN","LTINT","TOT","PC_PA","M","2015-08",3.3252,
"CHN","LTINT","TOT","PC_PA","M","2015-09",3.2362,
"CHN","LTINT","TOT","PC_PA","M","2015-10",3.06,
"CHN","LTINT","TOT","PC_PA","M","2015-11",3.0404,
"CHN","LTINT","TOT","PC_PA","M","2015-12",2.8212,
"CHN","LTINT","TOT","PC_PA","M","2016-01",2.8419,
"CHN","LTINT","TOT","PC_PA","M","2016-02",2.8502,
"CHN","LTINT","TOT","PC_PA","M","2016-03",2.8419,
"CHN","LTINT","TOT","PC_PA","M","2016-04",2.8913,
"CHN","LTINT","TOT","PC_PA","M","2016-05",2.9851,
"CHN","LTINT","TOT","PC_PA","M","2016-06",2.8411,
"CHN","LTINT","TOT","PC_PA","M","2016-07",2.7768,
"CHN","LTINT","TOT","PC_PA","M","2016-08",2.7425,
"CHN","LTINT","TOT","PC_PA","M","2016-09",2.7258,
"CHN","LTINT","TOT","PC_PA","M","2016-10",2.7425,
"CHN","LTINT","TOT","PC_PA","M","2016-11",2.9502,
"CHN","LTINT","TOT","PC_PA","M","2016-12",3.0115,
"CHN","LTINT","TOT","PC_PA","M","2017-01",3.35,
"CHN","LTINT","TOT","PC_PA","M","2017-02",3.29,
"CHN","LTINT","TOT","PC_PA","M","2017-03",3.28,
"CHN","LTINT","TOT","PC_PA","M","2017-04",3.47,
"CHN","LTINT","TOT","PC_PA","M","2017-05",3.61,
"CHN","LTINT","TOT","PC_PA","M","2017-06",3.57,
"CHN","LTINT","TOT","PC_PA","M","2017-07",3.63,
"CHN","LTINT","TOT","PC_PA","M","2017-08",3.63,
"CHN","LTINT","TOT","PC_PA","M","2017-09",3.61,
"CHN","LTINT","TOT","PC_PA","M","2017-10",3.89,
"CHN","LTINT","TOT","PC_PA","M","2017-11",3.89,
"CHN","LTINT","TOT","PC_PA","M","2017-12",3.88,
"CHN","LTINT","TOT","PC_PA","M","2018-01",3.91,
"CHN","LTINT","TOT","PC_PA","M","2018-02",3.82,
"CHN","LTINT","TOT","PC_PA","M","2018-03",3.74,
"CHN","LTINT","TOT","PC_PA","M","2018-04",3.62,
"CHN","LTINT","TOT","PC_PA","M","2018-05",3.61,
"CHN","LTINT","TOT","PC_PA","M","2018-06",3.48,
"CHN","LTINT","TOT","PC_PA","M","2018-07",3.48,
"CHN","LTINT","TOT","PC_PA","M","2018-08",3.58,
"CHN","LTINT","TOT","PC_PA","M","2018-09",3.61,
"CHN","LTINT","TOT","PC_PA","M","2018-10",3.51,
"CHN","LTINT","TOT","PC_PA","M","2018-11",3.36,
"CHN","LTINT","TOT","PC_PA","M","2018-12",3.23,
"CHN","LTINT","TOT","PC_PA","M","2019-01",3.1037,
"CHN","LTINT","TOT","PC_PA","M","2019-02",3.1731,
"CHN","LTINT","TOT","PC_PA","M","2019-03",3.0683,
"CHN","LTINT","TOT","PC_PA","M","2019-04",3.3869,
"CHN","LTINT","TOT","PC_PA","M","2019-05",3.2751,
"CHN","LTINT","TOT","PC_PA","M","2019-06",3.2254,
"CHN","LTINT","TOT","PC_PA","M","2019-07",3.1552,
"CHN","LTINT","TOT","PC_PA","M","2019-08",3.0573,
"CHN","LTINT","TOT","PC_PA","M","2019-09",3.1411,
"CHN","LTINT","TOT","PC_PA","M","2019-10",3.288,
"CHN","LTINT","TOT","PC_PA","M","2019-11",3.165,
"CHN","LTINT","TOT","PC_PA","M","2019-12",3.1365,
"CHN","LTINT","TOT","PC_PA","M","2020-01",2.9932,
"CHN","LTINT","TOT","PC_PA","M","2020-02",2.7376,
"CHN","LTINT","TOT","PC_PA","M","2020-03",2.5899,
"CHN","LTINT","TOT","PC_PA","M","2020-04",2.538,
"CHN","LTINT","TOT","PC_PA","M","2020-05",2.7053,
"CHN","LTINT","TOT","PC_PA","M","2020-06",2.823,
"CHN","LTINT","TOT","PC_PA","M","2020-07",2.9664,
"CHN","LTINT","TOT","PC_PA","M","2020-08",3.0177,
"CHN","LTINT","TOT","PC_PA","M","2020-09",3.1482,
"CHN","LTINT","TOT","PC_PA","M","2020-10",3.181,
"CHN","LTINT","TOT","PC_PA","M","2020-11",3.25,
"CHN","LTINT","TOT","PC_PA","M","2020-12",3.1429,
"CHN","LTINT","TOT","PC_PA","M","2021-01",3.1786,
"CHN","LTINT","TOT","PC_PA","M","2021-02",3.2798,
"CHN","LTINT","TOT","PC_PA","M","2021-03",3.1887,
"CHN","LTINT","TOT","PC_PA","M","2021-04",3.164,
"CHN","LTINT","TOT","PC_PA","M","2021-05",3.045,
"CHN","LTINT","TOT","PC_PA","M","2021-06",3.0778,
"CHN","LTINT","TOT","PC_PA","M","2021-07",2.8363,
"CHN","LTINT","TOT","PC_PA","M","2021-08",2.845,
"CHN","LTINT","TOT","PC_PA","M","2021-09",2.8776,
"CHN","LTINT","TOT","PC_PA","M","2021-10",2.9732,
"CHN","LTINT","TOT","PC_PA","M","2021-11",2.825,
"CHN","LTINT","TOT","PC_PA","M","2021-12",2.7754,
"CHN","LTINT","TOT","PC_PA","M","2022-01",2.6997,
"CHN","LTINT","TOT","PC_PA","M","2022-02",2.775,
"CHN","LTINT","TOT","PC_PA","M","2022-03",2.7878,
"CHN","LTINT","TOT","PC_PA","M","2022-04",2.8386,
"CHN","LTINT","TOT","PC_PA","M","2022-05",2.7426,
"CHN","LTINT","TOT","PC_PA","M","2022-06",2.8205,
"CHN","LTINT","TOT","PC_PA","M","2022-07",2.756,
"CHN","LTINT","TOT","PC_PA","M","2022-08",2.62,
"CHN","LTINT","TOT","PC_PA","M","2022-09",2.76,
"CHN","LTINT","TOT","PC_PA","M","2022-10",2.64,
"CHN","LTINT","TOT","PC_PA","M","2022-11",2.89,
"CHN","LTINT","TOT","PC_PA","M","2022-12",2.84,
"CHN","LTINT","TOT","PC_PA","M","2023-01",2.9,
"CHN","LTINT","TOT","PC_PA","M","2023-02",2.9,
